"Woningtype","Jaartal","Aantal_verkochte_woningen","Gemiddelde_verkoopprijs_euro"
"Totaal_woningen",2005,206629,222706
"Totaal_woningen",2006,209767,235843
"Totaal_woningen",2007,202401,248325
"Totaal_woningen",2008,182392,254918
"Totaal_woningen",2009,127532,238259
"Totaal_woningen",2010,126127,239530
"Totaal_woningen",2011,120739,240059
"Totaal_woningen",2012,117261,226661
"Totaal_woningen",2013,110094,213353
"Totaal_woningen",2014,153511,222218
"Totaal_woningen",2015,178293,230194
"Totaal_woningen",2016,214793,243837
"Totaal_woningen",2017,241860,263295
"Totaal_woningen",2018,218491,287267
"Totaal_woningen",2019,218595,307978
"Totaal_woningen",2020,235511,334488
"Totaal_woningen",2021,226087,386714
"Totaal_woningen",2022,193103,428591
"Totaal_woningen",2023,182403,416153
"Totaal_woningen",2024,206458,450985
"Totaal_woningen",2025,238695,479527
"Eengezinswoningen",2005,138721,243706
"Eengezinswoningen",2006,141791,257208
"Eengezinswoningen",2007,134988,271472
"Eengezinswoningen",2008,122909,277801
"Eengezinswoningen",2009,84352,259553
"Eengezinswoningen",2010,82985,259536
"Eengezinswoningen",2011,80929,259664
"Eengezinswoningen",2012,80740,242475
"Eengezinswoningen",2013,74992,227730
"Eengezinswoningen",2014,104414,237633
"Eengezinswoningen",2015,120839,247897
"Eengezinswoningen",2016,145445,262805
"Eengezinswoningen",2017,169462,281529
"Eengezinswoningen",2018,156657,302394
"Eengezinswoningen",2019,157760,322283
"Eengezinswoningen",2020,169225,351767
"Eengezinswoningen",2021,162034,406541
"Eengezinswoningen",2022,136651,454319
"Eengezinswoningen",2023,128235,441688
"Eengezinswoningen",2024,136488,486456
"Eengezinswoningen",2025,151801,527853
"Tussenwoning",2005,68513,208205
"Tussenwoning",2006,71305,220218
"Tussenwoning",2007,64656,228597
"Tussenwoning",2008,59689,235042
"Tussenwoning",2009,41551,225890
"Tussenwoning",2010,40160,224593
"Tussenwoning",2011,38570,222444
"Tussenwoning",2012,37537,210400
"Tussenwoning",2013,34814,198558
"Tussenwoning",2014,49518,209308
"Tussenwoning",2015,58042,216484
"Tussenwoning",2016,70147,228824
"Tussenwoning",2017,79775,243478
"Tussenwoning",2018,73224,263347
"Tussenwoning",2019,75060,283452
"Tussenwoning",2020,79307,306563
"Tussenwoning",2021,75896,354068
"Tussenwoning",2022,65611,401742
"Tussenwoning",2023,61321,392117
"Tussenwoning",2024,64008,435470
"Tussenwoning",2025,71990,470127
"Hoekwoning",2005,26844,220914
"Hoekwoning",2006,26136,233086
"Hoekwoning",2007,25862,243055
"Hoekwoning",2008,23949,248318
"Hoekwoning",2009,17055,233981
"Hoekwoning",2010,16585,235424
"Hoekwoning",2011,15948,232583
"Hoekwoning",2012,16219,218310
"Hoekwoning",2013,15213,204264
"Hoekwoning",2014,20394,212458
"Hoekwoning",2015,23533,223974
"Hoekwoning",2016,27187,239632
"Hoekwoning",2017,31594,257011
"Hoekwoning",2018,29507,275440
"Hoekwoning",2019,29401,295138
"Hoekwoning",2020,31462,321147
"Hoekwoning",2021,30381,368441
"Hoekwoning",2022,25676,417084
"Hoekwoning",2023,24431,408742
"Hoekwoning",2024,25540,446521
"Hoekwoning",2025,28367,490011
"2-onder-1-kapwoning",2005,21525,257004
"2-onder-1-kapwoning",2006,22092,271937
"2-onder-1-kapwoning",2007,21609,283259
"2-onder-1-kapwoning",2008,19303,294737
"2-onder-1-kapwoning",2009,13095,270606
"2-onder-1-kapwoning",2010,13379,271991
"2-onder-1-kapwoning",2011,12992,274256
"2-onder-1-kapwoning",2012,13181,251196
"2-onder-1-kapwoning",2013,12102,235291
"2-onder-1-kapwoning",2014,15834,244941
"2-onder-1-kapwoning",2015,17786,256146
"2-onder-1-kapwoning",2016,21252,273154
"2-onder-1-kapwoning",2017,25064,287867
"2-onder-1-kapwoning",2018,23112,304376
"2-onder-1-kapwoning",2019,23487,324443
"2-onder-1-kapwoning",2020,25230,352301
"2-onder-1-kapwoning",2021,23971,401935
"2-onder-1-kapwoning",2022,20198,454950
"2-onder-1-kapwoning",2023,19064,442602
"2-onder-1-kapwoning",2024,20421,483654
"2-onder-1-kapwoning",2025,22569,526955
"Vrijstaande_woning",2005,21839,369986
"Vrijstaande_woning",2006,22258,389411
"Vrijstaande_woning",2007,22861,413739
"Vrijstaande_woning",2008,19968,424608
"Vrijstaande_woning",2009,12651,393149
"Vrijstaande_woning",2010,12861,386784
"Vrijstaande_woning",2011,13419,384702
"Vrijstaande_woning",2012,13803,349768
"Vrijstaande_woning",2013,12863,327322
"Vrijstaande_woning",2014,18668,334073
"Vrijstaande_woning",2015,21478,352167
"Vrijstaande_woning",2016,26859,366820
"Vrijstaande_woning",2017,33029,392079
"Vrijstaande_woning",2018,30814,419505
"Vrijstaande_woning",2019,29812,445122
"Vrijstaande_woning",2020,33226,488251
"Vrijstaande_woning",2021,31786,571721
"Vrijstaande_woning",2022,25166,628877
"Vrijstaande_woning",2023,23419,605116
"Vrijstaande_woning",2024,26519,650139
"Vrijstaande_woning",2025,28875,709651
"Appartement",2005,54353,164914
"Appartement",2006,52657,173973
"Appartement",2007,54608,185747
"Appartement",2008,54117,195121
"Appartement",2009,39555,186370
"Appartement",2010,39037,189543
"Appartement",2011,36140,189419
"Appartement",2012,32868,181118
"Appartement",2013,31835,174099
"Appartement",2014,45297,184539
"Appartement",2015,50177,189371
"Appartement",2016,61619,199559
"Appartement",2017,65424,216783
"Appartement",2018,55762,246814
"Appartement",2019,55025,273316
"Appartement",2020,58621,295837
"Appartement",2021,58430,341061
"Appartement",2022,53926,364996
"Appartement",2023,52658,354395
"Appartement",2024,68084,380110
"Appartement",2025,84859,394258
"Onbekend",2005,13555,239522
"Onbekend",2006,15319,250769
"Onbekend",2007,12805,271174
"Onbekend",2008,5366,333834
"Onbekend",2009,3625,308941
"Onbekend",2010,4105,310476
"Onbekend",2011,3670,306418
"Onbekend",2012,3653,286897
"Onbekend",2013,3267,265855
"Onbekend",2014,3800,247802
"Onbekend",2015,7277,217710
"Onbekend",2016,7729,239900
"Onbekend",2017,6974,256538
"Onbekend",2018,6072,268506
"Onbekend",2019,5810,247797
"Onbekend",2020,7665,248622
"Onbekend",2021,5623,289755
"Onbekend",2022,2526,394384
"Onbekend",2023,1510,401282
"Onbekend",2024,1886,442510
"Onbekend",2025,2035,430322
