"KenmerkenVanPersonen","Geslacht","Perioden","Personen_1","GemiddeldGestandaardiseerdInkomen_2","PersonenMetInkomen_3","GemiddeldPersoonlijkInkomen_4","MedianeKoopkrachtontwikkeling_5","PersonenEconomischZelfstandig_6","PersonenArm_7"
"T009002","T001038","2011JJ00",16309.8,26.9,12807.3,28.8,NA,67.7,NA
"T009002","T001038","2012JJ00",16378,27.1,12891.6,29.1,-1.1,67.6,NA
"T009002","T001038","2013JJ00",16429.5,27.3,12951.4,29.4,-1.1,67.1,NA
"T009002","T001038","2014JJ00",16454.5,28.9,13005.8,29.9,1.9,67.3,NA
"T009002","T001038","2015JJ00",16528.1,28.7,13115.5,30.4,1.3,68.1,NA
"T009002","T001038","2016JJ00",16595.2,30,13225.4,31,3,69.2,NA
"T009002","T001038","2017JJ00",16707.3,31.1,13396.7,32,0.7,70.3,NA
"T009002","T001038","2018JJ00",16806.3,31.5,13551.8,32.3,0.6,71.7,7.1
"T009002","T001038","2019JJ00",16909.9,33.9,13702.3,33.4,1.5,72.8,6.3
"T009002","T001038","2020JJ00",17018.5,34.5,13805.8,34.3,2.5,72.4,5.1
"T009002","T001038","2021JJ00",17098.8,36.1,13960.8,35.7,1.4,74.1,4.9
"T009002","T001038","2022JJ00",17203.8,38.2,14179.3,37.4,-1.1,76.2,3.4
"T009002","T001038","2023JJ00",17398.2,43.2,14371,39.7,0.6,76.5,2.7
"T009002","T001038","2024JJ00",17507.3,45.3,14480.6,42.2,3.6,76.4,3.1
"T009002","3000   ","2011JJ00",8083.8,27.5,6517.2,36.5,NA,78.9,NA
"T009002","3000   ","2012JJ00",8118.9,27.6,6545.8,36.6,-1.1,78.2,NA
"T009002","3000   ","2013JJ00",8144.4,27.8,6568.2,37,-1,77.3,NA
"T009002","3000   ","2014JJ00",8160.7,29.4,6593.4,37.6,1.9,77.5,NA
"T009002","3000   ","2015JJ00",8197.5,29.2,6643.4,38,1.4,78.2,NA
"T009002","3000   ","2016JJ00",8234.2,30.6,6692.6,38.7,3.2,79,NA
"T009002","3000   ","2017JJ00",8295.9,31.8,6773.3,40.1,0.8,79.7,NA
"T009002","3000   ","2018JJ00",8348.7,32.1,6843.1,40.1,0.7,80.8,7
"T009002","3000   ","2019JJ00",8402.2,34.7,6909.8,41.3,1.7,81.4,6.2
"T009002","3000   ","2020JJ00",8460.5,35.2,6952.1,42.1,2.6,80.3,5
"T009002","3000   ","2021JJ00",8502.1,36.9,7018,43.7,1.5,81.5,4.9
"T009002","3000   ","2022JJ00",8554.7,39.1,7124.5,45.5,-1.1,83.1,3.4
"T009002","3000   ","2023JJ00",8645.6,44.2,7210.2,48,0.6,83.1,2.8
"T009002","3000   ","2024JJ00",8700.8,46.3,7260.9,50.6,3.7,82.6,3.2
"T009002","4000   ","2011JJ00",8225.9,26.4,6290.1,20.9,NA,56.5,NA
"T009002","4000   ","2012JJ00",8259,26.6,6345.8,21.3,-1.1,56.8,NA
"T009002","4000   ","2013JJ00",8285.1,26.8,6383.2,21.7,-1.2,56.7,NA
"T009002","4000   ","2014JJ00",8293.7,28.3,6412.4,22.1,1.8,57.1,NA
"T009002","4000   ","2015JJ00",8330.7,28.1,6472.1,22.5,1.3,57.9,NA
"T009002","4000   ","2016JJ00",8360.9,29.3,6532.8,23.1,2.7,59.3,NA
"T009002","4000   ","2017JJ00",8411.4,30.4,6623.4,23.8,0.6,60.7,NA
"T009002","4000   ","2018JJ00",8457.6,30.8,6708.7,24.4,0.4,62.5,7.3
"T009002","4000   ","2019JJ00",8507.7,33.2,6792.5,25.4,1.4,64,6.4
"T009002","4000   ","2020JJ00",8558,33.7,6853.7,26.4,2.4,64.4,5.2
"T009002","4000   ","2021JJ00",8596.8,35.3,6942.7,27.5,1.2,66.5,5
"T009002","4000   ","2022JJ00",8649,37.4,7054.7,29.2,-1.1,69.1,3.4
"T009002","4000   ","2023JJ00",8752.6,42.2,7160.7,31.4,0.5,69.7,2.7
"T009002","4000   ","2024JJ00",8806.5,44.2,7219.6,33.7,3.5,70,3.1
"10680  ","T001038","2011JJ00",2881.1,25.3,98.6,0.8,NA,NA,NA
"10680  ","T001038","2012JJ00",2869,25.4,93.2,0.9,-0.8,NA,NA
"10680  ","T001038","2013JJ00",2849.3,25.8,88.4,0.9,-0.1,NA,NA
"10680  ","T001038","2014JJ00",2822.8,27.3,87.2,0.9,2.6,NA,NA
"10680  ","T001038","2015JJ00",2799.9,27.3,93.7,0.9,2.5,NA,NA
"10680  ","T001038","2016JJ00",2771.3,28.7,97.9,0.9,4.9,NA,NA
"10680  ","T001038","2017JJ00",2752.4,29.7,107.8,0.8,1.7,NA,NA
"10680  ","T001038","2018JJ00",2734.2,30.4,121.5,0.8,1.8,NA,8.8
"10680  ","T001038","2019JJ00",2713.4,32.6,128,0.9,2.4,NA,7.7
"10680  ","T001038","2020JJ00",2700,33.3,111.6,0.9,4.2,NA,6.4
"10680  ","T001038","2021JJ00",2686.6,34.9,134.6,0.9,2.7,NA,5.7
"10680  ","T001038","2022JJ00",2686,37,166.7,1,0,NA,4.1
"10680  ","T001038","2023JJ00",2698,41.2,180,1.1,1.7,NA,2.9
"10680  ","T001038","2024JJ00",2684.3,43.3,173.2,1.1,5.3,NA,2.9
"10680  ","3000   ","2011JJ00",1473.1,25.3,50.5,0.8,NA,NA,NA
"10680  ","3000   ","2012JJ00",1466.7,25.5,47.2,0.9,-0.9,NA,NA
"10680  ","3000   ","2013JJ00",1457.3,25.7,45,0.9,-0.1,NA,NA
"10680  ","3000   ","2014JJ00",1444.1,27.2,44.6,0.9,2.6,NA,NA
"10680  ","3000   ","2015JJ00",1431.9,27.2,47.7,0.9,2.5,NA,NA
"10680  ","3000   ","2016JJ00",1417.8,28.7,50,0.9,4.9,NA,NA
"10680  ","3000   ","2017JJ00",1408.8,29.7,55.3,0.9,1.7,NA,NA
"10680  ","3000   ","2018JJ00",1399.9,30.3,62.8,0.9,1.8,NA,8.8
"10680  ","3000   ","2019JJ00",1389.4,32.5,65.8,0.9,2.4,NA,7.7
"10680  ","3000   ","2020JJ00",1383,33.2,56.5,1,4.2,NA,6.4
"10680  ","3000   ","2021JJ00",1376.4,34.9,67,1,2.6,NA,5.8
"10680  ","3000   ","2022JJ00",1375.8,36.9,84.3,1,0,NA,4.1
"10680  ","3000   ","2023JJ00",1382.1,41.1,91.8,1.1,1.7,NA,2.9
"10680  ","3000   ","2024JJ00",1374.8,43.2,88.8,1.1,5.3,NA,2.9
"10680  ","4000   ","2011JJ00",1408,25.4,48.1,0.8,NA,NA,NA
"10680  ","4000   ","2012JJ00",1402.3,25.4,46,0.8,-0.8,NA,NA
"10680  ","4000   ","2013JJ00",1392.1,25.8,43.4,0.8,-0.1,NA,NA
"10680  ","4000   ","2014JJ00",1378.7,27.4,42.6,0.8,2.7,NA,NA
"10680  ","4000   ","2015JJ00",1367.9,27.3,45.9,0.9,2.5,NA,NA
"10680  ","4000   ","2016JJ00",1353.5,28.7,47.9,0.8,4.9,NA,NA
"10680  ","4000   ","2017JJ00",1343.6,29.8,52.5,0.8,1.7,NA,NA
"10680  ","4000   ","2018JJ00",1334.3,30.4,58.8,0.8,1.8,NA,8.8
"10680  ","4000   ","2019JJ00",1324,32.7,62.3,0.9,2.5,NA,7.7
"10680  ","4000   ","2020JJ00",1317.1,33.3,55.1,0.8,4.2,NA,6.4
"10680  ","4000   ","2021JJ00",1310.1,34.9,67.6,0.9,2.7,NA,5.7
"10680  ","4000   ","2022JJ00",1310.2,37.1,82.4,0.9,0,NA,4.1
"10680  ","4000   ","2023JJ00",1315.9,41.3,88.1,1,1.7,NA,2.8
"10680  ","4000   ","2024JJ00",1309.5,43.4,84.4,1.1,5.4,NA,2.9
"53050  ","T001038","2011JJ00",1989,25.1,1833.1,10.6,NA,64.9,NA
"53050  ","T001038","2012JJ00",1991.2,25.1,1823.4,10.4,-0.3,62.6,NA
"53050  ","T001038","2013JJ00",1991.1,25.3,1813.9,10.2,0.8,60.3,NA
"53050  ","T001038","2014JJ00",1998.9,26.7,1817.9,10.1,3.6,60.4,NA
"53050  ","T001038","2015JJ00",2009.9,26.6,1828.9,10.2,3.8,61.5,NA
"53050  ","T001038","2016JJ00",2019.7,28,1832.9,10.3,6,64.2,NA
"53050  ","T001038","2017JJ00",2034.1,29.5,1852.7,10.7,3.8,66.6,NA
"53050  ","T001038","2018JJ00",2052.2,30.2,1874.6,11.2,4,69.7,8.6
"53050  ","T001038","2019JJ00",2067.4,33.1,1893.7,11.8,4.9,71.9,7.5
"53050  ","T001038","2020JJ00",2072.3,33.9,1875.5,12.4,5.7,71.7,6.5
"53050  ","T001038","2021JJ00",2076.3,35.6,1903.3,13,4.7,75.4,5.8
"53050  ","T001038","2022JJ00",2092.6,37.9,1958.2,14.1,2.1,79.4,5.1
"53050  ","T001038","2023JJ00",2117,43.5,1998.4,15.6,3.9,79.6,4.3
"53050  ","T001038","2024JJ00",2123.4,45.1,2004.2,17.2,6.9,77.7,4.6
"53050  ","3000   ","2011JJ00",1010.6,26,926.5,11.4,NA,68.2,NA
"53050  ","3000   ","2012JJ00",1013.1,25.9,921.4,11.1,-0.2,65.7,NA
"53050  ","3000   ","2013JJ00",1012.5,26.1,915.4,10.9,0.8,63.4,NA
"53050  ","3000   ","2014JJ00",1016.7,27.6,917.9,10.8,3.6,63.9,NA
"53050  ","3000   ","2015JJ00",1023.6,27.4,925,11,3.9,65.2,NA
"53050  ","3000   ","2016JJ00",1029,28.9,927.4,11.2,6.1,67.5,NA
"53050  ","3000   ","2017JJ00",1037.9,30.3,938.9,11.5,3.9,69.3,NA
"53050  ","3000   ","2018JJ00",1046.9,31,950.3,12.2,4.1,71.9,8.5
"53050  ","3000   ","2019JJ00",1054.3,34.1,959.3,12.8,5,73.8,7.4
"53050  ","3000   ","2020JJ00",1056.4,34.9,948.2,13.4,5.7,73,6.4
"53050  ","3000   ","2021JJ00",1058.3,36.6,961.2,14.1,4.8,76.5,5.7
"53050  ","3000   ","2022JJ00",1065.3,39.1,990.4,15.3,2.1,80.3,5
"53050  ","3000   ","2023JJ00",1076.5,45,1012,16.9,4,80.7,4.2
"53050  ","3000   ","2024JJ00",1080.4,46.6,1016.3,18.5,6.9,78.7,4.5
"53050  ","4000   ","2011JJ00",978.3,24.3,906.6,9.8,NA,61.1,NA
"53050  ","4000   ","2012JJ00",978.1,24.2,902,9.6,-0.3,59,NA
"53050  ","4000   ","2013JJ00",978.6,24.5,898.4,9.5,0.8,56.8,NA
"53050  ","4000   ","2014JJ00",982.1,25.8,900,9.3,3.5,56.3,NA
"53050  ","4000   ","2015JJ00",986.3,25.7,903.8,9.4,3.8,57.3,NA
"53050  ","4000   ","2016JJ00",990.7,27.1,905.5,9.5,5.9,60.3,NA
"53050  ","4000   ","2017JJ00",996.2,28.6,913.7,9.8,3.7,63.5,NA
"53050  ","4000   ","2018JJ00",1005.3,29.2,924.3,10.3,3.9,67.2,8.8
"53050  ","4000   ","2019JJ00",1013.1,32.1,934.4,10.8,4.9,69.8,7.6
"53050  ","4000   ","2020JJ00",1015.9,32.9,927.3,11.3,5.7,70.1,6.5
"53050  ","4000   ","2021JJ00",1018,34.5,942.1,11.9,4.6,74,5.9
"53050  ","4000   ","2022JJ00",1027.3,36.6,967.7,12.9,2,78.3,5.1
"53050  ","4000   ","2023JJ00",1040.5,42,986.4,14.2,3.8,78.2,4.4
"53050  ","4000   ","2024JJ00",1043,43.5,987.8,15.8,6.9,76.4,4.7
"53310  ","T001038","2011JJ00",4336.8,26.6,4149.8,34,NA,75.5,NA
"53310  ","T001038","2012JJ00",4292,26.6,4110.8,34.2,-0.9,74.9,NA
"53310  ","T001038","2013JJ00",4247,26.8,4063.5,34.4,0,74,NA
"53310  ","T001038","2014JJ00",4199.3,28.1,4017.2,34.8,2.7,74,NA
"53310  ","T001038","2015JJ00",4152.2,28.3,3973.4,35.2,2.3,74.6,NA
"53310  ","T001038","2016JJ00",4123.4,29.7,3953.1,35.9,4.9,75.8,NA
"53310  ","T001038","2017JJ00",4121.3,30.6,3964,36.5,1.5,76.8,NA
"53310  ","T001038","2018JJ00",4131.3,31.1,3982.9,37.5,1.8,78.1,8
"53310  ","T001038","2019JJ00",4165.8,33.1,4022.5,38.8,2.5,79.2,7
"53310  ","T001038","2020JJ00",4215,34.2,4076.1,39.9,4.1,78.5,5.8
"53310  ","T001038","2021JJ00",4254.6,36,4118.5,41.7,2.7,80,5.5
"53310  ","T001038","2022JJ00",4304,38.2,4181.6,44.3,0.1,82.1,3.9
"53310  ","T001038","2023JJ00",4405,41.7,4271.5,47,1.2,82.3,3.4
"53310  ","T001038","2024JJ00",4473.9,44,4334.7,49.8,4.6,82.1,4
"53310  ","3000   ","2011JJ00",2167.9,26.9,2137.3,41.4,NA,85.5,NA
"53310  ","3000   ","2012JJ00",2143.6,26.9,2112,41.4,-0.9,84.3,NA
"53310  ","3000   ","2013JJ00",2119.3,27.1,2085.1,41.4,0,82.9,NA
"53310  ","3000   ","2014JJ00",2094.4,28.4,2059.1,41.6,2.7,82.8,NA
"53310  ","3000   ","2015JJ00",2070.3,28.6,2034.7,42.1,2.2,83.3,NA
"53310  ","3000   ","2016JJ00",2057.3,30,2022.1,42.7,4.9,84.1,NA
"53310  ","3000   ","2017JJ00",2058.7,30.9,2025.5,43.4,1.6,84.7,NA
"53310  ","3000   ","2018JJ00",2066,31.5,2032.3,44.5,1.9,85.6,7.9
"53310  ","3000   ","2019JJ00",2085.2,33.5,2050.8,45.8,2.6,86.1,6.9
"53310  ","3000   ","2020JJ00",2112.8,34.6,2078,46.7,4.1,84.8,5.8
"53310  ","3000   ","2021JJ00",2134.8,36.4,2098,48.7,2.7,85.9,5.5
"53310  ","3000   ","2022JJ00",2162,38.7,2129.5,51.5,0,87.5,4
"53310  ","3000   ","2023JJ00",2210.6,42.2,2171.2,54.3,1.1,87.5,3.6
"53310  ","3000   ","2024JJ00",2246.6,44.4,2203.9,57,4.5,86.9,4.2
"53310  ","4000   ","2011JJ00",2168.9,26.3,2012.4,26.2,NA,65.6,NA
"53310  ","4000   ","2012JJ00",2148.4,26.3,1998.8,26.6,-0.8,65.5,NA
"53310  ","4000   ","2013JJ00",2127.7,26.5,1978.4,27.1,-0.1,65.1,NA
"53310  ","4000   ","2014JJ00",2104.9,27.8,1958.1,27.6,2.7,65.2,NA
"53310  ","4000   ","2015JJ00",2081.8,27.9,1938.7,28,2.4,65.9,NA
"53310  ","4000   ","2016JJ00",2066.1,29.3,1931,28.7,4.8,67.5,NA
"53310  ","4000   ","2017JJ00",2062.5,30.2,1938.5,29.3,1.5,68.9,NA
"53310  ","4000   ","2018JJ00",2065.3,30.7,1950.6,30.3,1.7,70.7,8.1
"53310  ","4000   ","2019JJ00",2080.5,32.7,1971.7,31.5,2.5,72.2,7.1
"53310  ","4000   ","2020JJ00",2102.2,33.7,1998.1,32.9,4.2,72.1,5.8
"53310  ","4000   ","2021JJ00",2119.8,35.5,2020.4,34.4,2.6,74.1,5.4
"53310  ","4000   ","2022JJ00",2142,37.7,2052.1,36.8,0.1,76.7,3.9
"53310  ","4000   ","2023JJ00",2194.4,41.3,2100.3,39.5,1.4,77.2,3.3
"53310  ","4000   ","2024JJ00",2227.3,43.6,2130.8,42.4,4.8,77.2,3.7
"53715  ","T001038","2011JJ00",4635.7,30.3,4259.6,36.7,NA,60.6,NA
"53715  ","T001038","2012JJ00",4635.2,30.4,4274.6,37.2,-1.4,61.3,NA
"53715  ","T001038","2013JJ00",4641.6,30.7,4286,38.1,-0.9,61.6,NA
"53715  ","T001038","2014JJ00",4653.7,32.8,4304.6,39.2,2.1,62.3,NA
"53715  ","T001038","2015JJ00",4691.2,32.3,4346,40,1.5,63.2,NA
"53715  ","T001038","2016JJ00",4726.8,33.7,4389.1,40.9,3.2,64.2,NA
"53715  ","T001038","2017JJ00",4763.7,35,4437.9,42.6,0.6,65.2,NA
"53715  ","T001038","2018JJ00",4777.9,35.3,4463.8,42.9,0.5,66.5,7.6
"53715  ","T001038","2019JJ00",4778.8,38.5,4482.8,44.2,1.6,67.9,6.8
"53715  ","T001038","2020JJ00",4773,38.7,4493.9,45.2,2.7,67.8,5.4
"53715  ","T001038","2021JJ00",4756.3,40.6,4488.6,47.2,1.5,69.1,5.5
"53715  ","T001038","2022JJ00",4730.3,43.1,4495.3,49.1,-1,71.3,3.2
"53715  ","T001038","2023JJ00",4717.6,49.4,4481,51.9,0.3,72,2.4
"53715  ","T001038","2024JJ00",4694.1,51.9,4461.1,55,3.7,72.5,3.1
"53715  ","3000   ","2011JJ00",2324.5,30.9,2295.5,47.3,NA,74.3,NA
"53715  ","3000   ","2012JJ00",2322.8,31,2292.9,47.8,-1.3,74.5,NA
"53715  ","3000   ","2013JJ00",2325.1,31.3,2292.7,48.9,-0.7,74.3,NA
"53715  ","3000   ","2014JJ00",2328.5,33.4,2295.2,50.2,2.1,74.7,NA
"53715  ","3000   ","2015JJ00",2345.6,32.9,2310.6,51.1,1.6,75.6,NA
"53715  ","3000   ","2016JJ00",2362.1,34.4,2325.7,52.1,3.5,76.3,NA
"53715  ","3000   ","2017JJ00",2379.7,35.7,2343.4,54.4,0.7,77.1,NA
"53715  ","3000   ","2018JJ00",2384.3,36.1,2346.8,54.3,0.7,78.1,7
"53715  ","3000   ","2019JJ00",2382.9,39.4,2344.7,55.9,1.7,79,6.3
"53715  ","3000   ","2020JJ00",2378.6,39.6,2341.1,56.8,2.9,78.1,5
"53715  ","3000   ","2021JJ00",2369.1,41.6,2329.9,59.3,1.7,79,5.1
"53715  ","3000   ","2022JJ00",2354.6,44,2324.9,61.4,-1,80.6,3.1
"53715  ","3000   ","2023JJ00",2343.6,50.5,2305.2,64.5,0.2,80.9,2.4
"53715  ","3000   ","2024JJ00",2329.6,53,2286.2,68,3.8,80.9,3
"53715  ","4000   ","2011JJ00",2311.2,29.8,1964.1,24.3,NA,46.9,NA
"53715  ","4000   ","2012JJ00",2312.4,29.9,1981.7,25,-1.4,48.1,NA
"53715  ","4000   ","2013JJ00",2316.6,30.1,1993.3,25.8,-1.1,48.9,NA
"53715  ","4000   ","2014JJ00",2325.2,32.1,2009.4,26.6,2,49.8,NA
"53715  ","4000   ","2015JJ00",2345.6,31.6,2035.4,27.3,1.5,50.7,NA
"53715  ","4000   ","2016JJ00",2364.7,33,2063.4,28.3,3,52.1,NA
"53715  ","4000   ","2017JJ00",2384,34.3,2094.5,29.4,0.5,53.4,NA
"53715  ","4000   ","2018JJ00",2393.6,34.5,2117,30.2,0.4,54.9,8.2
"53715  ","4000   ","2019JJ00",2396,37.6,2138.1,31.4,1.5,56.8,7.3
"53715  ","4000   ","2020JJ00",2394.4,37.9,2152.8,32.6,2.6,57.4,5.7
"53715  ","4000   ","2021JJ00",2387.2,39.7,2158.7,34,1.4,59.4,5.9
"53715  ","4000   ","2022JJ00",2375.7,42.1,2170.4,36,-1.1,62,3.2
"53715  ","4000   ","2023JJ00",2374,48.3,2175.8,38.5,0.3,63.2,2.4
"53715  ","4000   ","2024JJ00",2364.5,50.8,2174.9,41.5,3.6,64.2,3.2
"80200  ","T001038","2011JJ00",2467.2,24.5,2466.2,21.2,NA,NA,NA
"80200  ","T001038","2012JJ00",2590.5,25.3,2589.6,21.7,-1.2,NA,NA
"80200  ","T001038","2013JJ00",2700.5,25.3,2699.6,22,-2.8,NA,NA
"80200  ","T001038","2014JJ00",2779.8,26.7,2778.9,22.6,0.8,NA,NA
"80200  ","T001038","2015JJ00",2875,26.2,2873.6,22.9,0.1,NA,NA
"80200  ","T001038","2016JJ00",2954,26.9,2952.4,23.5,0.8,NA,NA
"80200  ","T001038","2017JJ00",3035.8,28,3034.2,24.9,-0.1,NA,NA
"80200  ","T001038","2018JJ00",3110.9,27.8,3109.1,24.5,-0.3,NA,2.9
"80200  ","T001038","2019JJ00",3184.6,29.9,3175.3,25.4,0.7,33.6,2.6
"80200  ","T001038","2020JJ00",3258.2,29.9,3248.7,26.2,1.2,35.1,1.9
"80200  ","T001038","2021JJ00",3325.1,31,3315.8,27,-0.3,37,2.1
"80200  ","T001038","2022JJ00",3390.8,32.8,3377.5,28.4,-3,37.8,1.4
"80200  ","T001038","2023JJ00",3460.6,37.7,3440.1,30.8,-0.4,38.3,1.2
"80200  ","T001038","2024JJ00",3531.6,39.6,3507.4,32.8,1.9,39.4,1.5
"80200  ","3000   ","2011JJ00",1107.8,25.7,1107.4,27,NA,NA,NA
"80200  ","3000   ","2012JJ00",1172.7,26.5,1172.3,27.7,-1.2,NA,NA
"80200  ","3000   ","2013JJ00",1230.3,26.4,1229.9,28.1,-3.1,NA,NA
"80200  ","3000   ","2014JJ00",1276.9,27.9,1276.5,28.9,0.7,NA,NA
"80200  ","3000   ","2015JJ00",1326,27.3,1325.4,29.2,0,NA,NA
"80200  ","3000   ","2016JJ00",1368.1,28.1,1367.5,29.9,0.8,NA,NA
"80200  ","3000   ","2017JJ00",1410.7,29.4,1410.1,32.2,-0.3,NA,NA
"80200  ","3000   ","2018JJ00",1451.7,29,1451,31.1,-0.4,NA,2.9
"80200  ","3000   ","2019JJ00",1490.5,31.3,1489.2,32.1,0.7,45.7,2.5
"80200  ","3000   ","2020JJ00",1529.7,31.3,1528.3,32.9,1.1,47.3,1.9
"80200  ","3000   ","2021JJ00",1563.4,32.4,1561.9,33.7,-0.3,49.5,2.1
"80200  ","3000   ","2022JJ00",1597,34.2,1595.4,35.4,-3.1,49.6,1.4
"80200  ","3000   ","2023JJ00",1632.8,39.8,1630,38.2,-0.4,50,1.1
"80200  ","3000   ","2024JJ00",1669.5,41.8,1665.7,40.5,2,50.9,1.5
"80200  ","4000   ","2011JJ00",1359.4,23.6,1358.8,16.4,NA,NA,NA
"80200  ","4000   ","2012JJ00",1417.9,24.3,1417.3,16.7,-1.2,NA,NA
"80200  ","4000   ","2013JJ00",1470.2,24.3,1469.7,16.8,-2.7,NA,NA
"80200  ","4000   ","2014JJ00",1502.9,25.6,1502.3,17.2,0.9,NA,NA
"80200  ","4000   ","2015JJ00",1549.1,25.3,1548.2,17.5,0.2,NA,NA
"80200  ","4000   ","2016JJ00",1585.9,25.9,1584.9,18,0.9,NA,NA
"80200  ","4000   ","2017JJ00",1625.1,26.7,1624.2,18.6,-0.1,NA,NA
"80200  ","4000   ","2018JJ00",1659.2,26.7,1658.1,18.8,-0.3,NA,2.9
"80200  ","4000   ","2019JJ00",1694.1,28.6,1686.1,19.6,0.7,21.6,2.6
"80200  ","4000   ","2020JJ00",1728.5,28.7,1720.5,20.3,1.2,23.1,1.9
"80200  ","4000   ","2021JJ00",1761.6,29.8,1753.9,21,-0.2,24.6,2.1
"80200  ","4000   ","2022JJ00",1793.8,31.5,1782.1,22.2,-2.9,26.3,1.4
"80200  ","4000   ","2023JJ00",1827.8,35.9,1810.2,24.1,-0.4,26.9,1.3
"80200  ","4000   ","2024JJ00",1862.2,37.6,1841.7,25.8,1.8,28.3,1.6
"1016411","T001038","2011JJ00",7347.6,25.6,7328.4,38,NA,78.6,NA
"1016411","T001038","2012JJ00",7412.1,25.8,7391.9,38.2,-1.1,78.3,NA
"1016411","T001038","2013JJ00",7467.8,25.9,7445.9,38.7,-1.4,77.6,NA
"1016411","T001038","2014JJ00",7496.4,27.3,7474.4,39.4,1.7,77.8,NA
"1016411","T001038","2015JJ00",7568.5,27.1,7545.2,39.8,1,78.3,NA
"1016411","T001038","2016JJ00",7623.2,28.2,7593.9,40.6,2,78.7,NA
"1016411","T001038","2017JJ00",7694.9,29.2,7663.8,42.1,0.4,79.1,NA
"1016411","T001038","2018JJ00",7760.6,29.5,7722.9,42.2,0.1,80.1,8.7
"1016411","T001038","2019JJ00",7827.4,31.6,7788.6,43.5,1.1,80.7,7.8
"1016411","T001038","2020JJ00",7894.5,32.1,7852.5,44.5,2,80.1,6.2
"1016411","T001038","2021JJ00",7951.4,33.6,7912.6,46.2,0.6,81.1,6.2
"1016411","T001038","2022JJ00",8041.4,35.6,8041.4,48.2,-1.5,82.6,4
"1016411","T001038","2023JJ00",8163.1,40,8140.4,50.9,0.2,82.4,3.5
"1016411","T001038","2024JJ00",8258.9,41.9,8230.8,53.6,2.9,82.2,4.2
"1016411","3000   ","2011JJ00",4906.7,27.4,4895.1,42.8,NA,83,NA
"1016411","3000   ","2012JJ00",4913.8,27.6,4901.7,43.1,-1.1,82.7,NA
"1016411","3000   ","2013JJ00",4918.2,27.8,4905.3,43.6,-1.3,82.1,NA
"1016411","3000   ","2014JJ00",4923.8,29.4,4911,44.3,1.6,82.4,NA
"1016411","3000   ","2015JJ00",4941.2,29.1,4927.7,45,1,83,NA
"1016411","3000   ","2016JJ00",4962.7,30.3,4945.9,45.7,2.4,83.4,NA
"1016411","3000   ","2017JJ00",4999.8,31.4,4982.1,47.6,0.4,83.8,NA
"1016411","3000   ","2018JJ00",5029.2,31.6,5008.3,47.5,0.2,84.6,6.9
"1016411","3000   ","2019JJ00",5052.7,34.1,5031,48.9,1.3,85.1,6.2
"1016411","3000   ","2020JJ00",5058.2,34.5,5034.7,49.9,2.1,84.4,5
"1016411","3000   ","2021JJ00",5076.7,36.1,5054.6,51.8,0.8,85.2,5
"1016411","3000   ","2022JJ00",5110.6,38.1,5110.6,53.9,-1.7,86.3,3.4
"1016411","3000   ","2023JJ00",5148.4,43.3,5135,56.8,0.1,86.1,2.9
"1016411","3000   ","2024JJ00",5166.2,45.2,5149.7,59.6,3.1,85.9,3.5
"1016411","4000   ","2011JJ00",2440.9,21.9,2433.2,28.3,NA,68.3,NA
"1016411","4000   ","2012JJ00",2498.3,22.1,2490.1,28.6,-1.1,68.2,NA
"1016411","4000   ","2013JJ00",2549.6,22.3,2540.6,29,-1.4,67.7,NA
"1016411","4000   ","2014JJ00",2572.6,23.3,2563.3,29.8,1.7,67.9,NA
"1016411","4000   ","2015JJ00",2627.4,23.5,2617.5,30.1,1.1,68.1,NA
"1016411","4000   ","2016JJ00",2660.6,24.4,2648,30.9,1.7,68.8,NA
"1016411","4000   ","2017JJ00",2695.2,25.1,2681.7,31.8,0.4,69.5,NA
"1016411","4000   ","2018JJ00",2731.4,25.5,2714.5,32.5,0,70.7,12
"1016411","4000   ","2019JJ00",2774.7,27.1,2757.6,33.7,1,71.8,10.7
"1016411","4000   ","2020JJ00",2836.3,28,2817.8,35,1.9,71.8,8.4
"1016411","4000   ","2021JJ00",2874.7,29.3,2858,36.3,0.3,73.3,8.4
"1016411","4000   ","2022JJ00",2930.8,31.2,2930.8,38.4,-1.1,75.5,5.2
"1016411","4000   ","2023JJ00",3014.6,34.4,3005.4,41,0.4,75.4,4.6
"1016411","4000   ","2024JJ00",3092.7,36.4,3081.1,43.6,2.6,75.6,5.4
"1016400","T001038","2011JJ00",3167.9,20.7,3152.7,27.6,NA,64.2,NA
"1016400","T001038","2012JJ00",3231.1,20.9,3214.9,27.9,-1.1,63.5,NA
"1016400","T001038","2013JJ00",3280.8,21,3263.2,28.1,-1.4,62.3,NA
"1016400","T001038","2014JJ00",3303.6,21.9,3285.6,28.6,1.6,62.4,NA
"1016400","T001038","2015JJ00",3373.8,22,3354.9,28.8,1,62.8,NA
"1016400","T001038","2016JJ00",3423.2,22.7,3398.6,29.4,1.7,63.5,NA
"1016400","T001038","2017JJ00",3480.5,23.4,3454.1,30.3,0.4,64.2,NA
"1016400","T001038","2018JJ00",3528.7,23.8,3496.2,30.8,0,65.8,14.6
"1016400","T001038","2019JJ00",3578.6,25.3,3545.4,31.9,1,67.1,13.2
"1016400","T001038","2020JJ00",3622.9,26,3586.7,32.8,1.8,66.4,10.5
"1016400","T001038","2021JJ00",3655.8,27.2,3623.1,34,0.3,67.9,10.5
"1016400","T001038","2022JJ00",3730.1,28.9,3730.1,35.8,-1,70.3,6.5
"1016400","T001038","2023JJ00",3829,31.9,3811.4,38.1,0.3,70.4,5.8
"1016400","T001038","2024JJ00",3907.9,33.3,3886.3,40.2,2.2,70.3,6.9
"1016400","3000   ","2011JJ00",1349.4,22.2,1341,31.5,NA,69.2,NA
"1016400","3000   ","2012JJ00",1381.7,22.4,1372.8,31.7,-1.1,68.2,NA
"1016400","3000   ","2013JJ00",1407.2,22.6,1397.6,32,-1.2,66.7,NA
"1016400","3000   ","2014JJ00",1421.1,23.6,1411.5,32.5,1.7,66.9,NA
"1016400","3000   ","2015JJ00",1459.8,23.6,1449.6,32.9,0.9,67.4,NA
"1016400","3000   ","2016JJ00",1488.4,24.5,1475.2,33.5,1.9,68.2,NA
"1016400","3000   ","2017JJ00",1523.2,25.3,1509,34.5,0.4,68.7,NA
"1016400","3000   ","2018JJ00",1550.8,25.8,1533.7,35,0.1,70.4,15
"1016400","3000   ","2019JJ00",1576.4,27.6,1558.8,36.3,1.1,71.6,13.5
"1016400","3000   ","2020JJ00",1602.4,28.1,1583.1,37.1,1.9,70.3,10.9
"1016400","3000   ","2021JJ00",1618.1,29.5,1600.5,38.6,0.5,71.7,11
"1016400","3000   ","2022JJ00",1656,31.2,1656,40.3,-1,74,7
"1016400","3000   ","2023JJ00",1700.8,34.8,1691.1,42.8,0.2,74.1,6.3
"1016400","3000   ","2024JJ00",1738.4,36.1,1726.8,45,2.3,73.7,7.6
"1016400","4000   ","2011JJ00",1818.5,19.5,1811.8,24.7,NA,59.3,NA
"1016400","4000   ","2012JJ00",1849.4,19.8,1842.1,25,-1.1,58.9,NA
"1016400","4000   ","2013JJ00",1873.7,19.9,1865.7,25.2,-1.5,58.1,NA
"1016400","4000   ","2014JJ00",1882.4,20.6,1874.1,25.7,1.6,58,NA
"1016400","4000   ","2015JJ00",1914,20.8,1905.3,25.7,1,58.2,NA
"1016400","4000   ","2016JJ00",1934.8,21.4,1923.4,26.3,1.5,58.9,NA
"1016400","4000   ","2017JJ00",1957.2,21.9,1945,27,0.4,59.6,NA
"1016400","4000   ","2018JJ00",1977.9,22.3,1962.4,27.5,-0.1,61.2,14.3
"1016400","4000   ","2019JJ00",2002.2,23.5,1986.6,28.4,0.9,62.6,12.9
"1016400","4000   ","2020JJ00",2020.5,24.3,2003.6,29.4,1.7,62.5,10.2
"1016400","4000   ","2021JJ00",2037.7,25.4,2022.6,30.4,0.1,64.1,10.1
"1016400","4000   ","2022JJ00",2074.1,27,2074.1,32.1,-1,66.6,6.1
"1016400","4000   ","2023JJ00",2128.3,29.6,2120.4,34.4,0.4,66.7,5.4
"1016400","4000   ","2024JJ00",2169.5,31.1,2159.5,36.4,2.1,66.9,6.4
"1016410","T001038","2011JJ00",4179.7,29.3,4175.6,45.8,NA,87.7,NA
"1016410","T001038","2012JJ00",4181,29.5,4177,46.2,-1.1,87.8,NA
"1016410","T001038","2013JJ00",4187,29.8,4182.7,46.9,-1.3,87.7,NA
"1016410","T001038","2014JJ00",4192.9,31.6,4188.7,47.8,1.7,88.1,NA
"1016410","T001038","2015JJ00",4194.8,31.2,4190.3,48.6,1,88.9,NA
"1016410","T001038","2016JJ00",4200,32.7,4195.2,49.6,2.6,89.4,NA
"1016410","T001038","2017JJ00",4214.4,34,4209.7,51.7,0.4,89.8,NA
"1016410","T001038","2018JJ00",4231.9,34.2,4226.7,51.7,0.3,90.4,3.8
"1016410","T001038","2019JJ00",4248.8,37,4243.3,53.2,1.4,90.7,3.3
"1016410","T001038","2020JJ00",4271.6,37.4,4265.8,54.4,2.2,90.4,2.6
"1016410","T001038","2021JJ00",4295.6,39.1,4289.5,56.5,1,91,2.6
"1016410","T001038","2022JJ00",4311.3,41.4,4311.3,59,-2,91.9,1.9
"1016410","T001038","2023JJ00",4334,47.1,4329,62.2,0.1,91.8,1.5
"1016410","T001038","2024JJ00",4351,49.6,4344.5,65.6,3.4,91.7,1.7
"1016410","3000   ","2011JJ00",3557.3,29.4,3554.2,47.1,NA,88.1,NA
"1016410","3000   ","2012JJ00",3532.1,29.7,3529,47.5,-1.2,88.3,NA
"1016410","3000   ","2013JJ00",3511,29.9,3507.7,48.3,-1.4,88.3,NA
"1016410","3000   ","2014JJ00",3502.7,31.7,3499.5,49.1,1.6,88.7,NA
"1016410","3000   ","2015JJ00",3481.4,31.3,3478.1,50,0.9,89.6,NA
"1016410","3000   ","2016JJ00",3474.3,32.7,3470.7,51,2.5,90,NA
"1016410","3000   ","2017JJ00",3476.5,34.1,3473,53.3,0.4,90.5,NA
"1016410","3000   ","2018JJ00",3478.4,34.2,3474.6,53,0.3,91,3.3
"1016410","3000   ","2019JJ00",3476.3,37.1,3472.2,54.5,1.3,91.4,2.8
"1016410","3000   ","2020JJ00",3455.8,37.5,3451.6,55.7,2.1,91.1,2.3
"1016410","3000   ","2021JJ00",3458.6,39.2,3454.1,57.9,0.9,91.6,2.2
"1016410","3000   ","2022JJ00",3454.6,41.5,3454.6,60.4,-2.1,92.3,1.6
"1016410","3000   ","2023JJ00",3447.7,47.5,3443.9,63.6,0.1,92.2,1.2
"1016410","3000   ","2024JJ00",3427.8,49.7,3422.9,67,3.3,92.1,1.4
"1016410","4000   ","2011JJ00",622.4,28.7,621.5,38.6,NA,85.6,NA
"1016410","4000   ","2012JJ00",649,28.8,648,39,-1.1,85.4,NA
"1016410","4000   ","2013JJ00",676,29.1,675,39.6,-0.7,85.2,NA
"1016410","4000   ","2014JJ00",690.2,30.7,689.2,40.9,2.2,85.7,NA
"1016410","4000   ","2015JJ00",713.4,30.8,712.2,41.7,1.6,85.8,NA
"1016410","4000   ","2016JJ00",725.7,32.4,724.5,43.1,3.5,86.6,NA
"1016410","4000   ","2017JJ00",737.9,33.5,736.7,44.5,0.7,87.2,NA
"1016410","4000   ","2018JJ00",753.5,33.9,752.1,45.6,0.7,87.8,5.9
"1016410","4000   ","2019JJ00",772.4,36.3,771,47.2,1.6,88.2,5.2
"1016410","4000   ","2020JJ00",815.7,37,814.2,48.5,2.9,87.9,4.1
"1016410","4000   ","2021JJ00",837,39.1,835.4,50.6,1.5,88.9,4.1
"1016410","4000   ","2022JJ00",856.7,41.3,856.7,53.5,-1.4,90.7,3
"1016410","4000   ","2023JJ00",886.4,45.8,885.1,56.7,0.2,90.3,2.5
"1016410","4000   ","2024JJ00",923.3,49,921.6,60.4,4,90.2,2.9
"1016420","T001038","2011JJ00",4179.6,29.3,3653.9,19.1,NA,51.5,NA
"1016420","T001038","2012JJ00",4181,29.5,3674.7,19.3,-1.1,51.8,NA
"1016420","T001038","2013JJ00",4187,29.8,3686.1,19.7,-1.3,51.8,NA
"1016420","T001038","2014JJ00",4192.9,31.6,3701.1,20,1.7,52.3,NA
"1016420","T001038","2015JJ00",4194.8,31.2,3713,20.5,1,53.3,NA
"1016420","T001038","2016JJ00",4200,32.7,3735.5,21.2,2.6,55,NA
"1016420","T001038","2017JJ00",4214.4,34,3774.4,21.9,0.4,56.7,NA
"1016420","T001038","2018JJ00",4231.9,34.2,3814.3,22.6,0.3,58.6,3.8
"1016420","T001038","2019JJ00",4248.8,37,3848.3,23.6,1.4,60.2,3.3
"1016420","T001038","2020JJ00",4271.6,37.4,3893,24.4,2.2,60.3,2.6
"1016420","T001038","2021JJ00",4295.6,39.1,3932.8,25.6,1,62.8,2.6
"1016420","T001038","2022JJ00",4311.3,41.4,3966.6,27.2,-2,65.5,1.9
"1016420","T001038","2023JJ00",4334,47.1,3993.6,29.4,0.1,66.5,1.5
"1016420","T001038","2024JJ00",4351,49.6,4015.1,31.6,3.4,66.8,1.7
"1016420","3000   ","2011JJ00",630.3,28.9,595.4,24,NA,61.1,NA
"1016420","3000   ","2012JJ00",657.3,29,620.3,24,-1.1,59.9,NA
"1016420","3000   ","2013JJ00",684.9,29.2,644.8,24.2,-0.7,58.8,NA
"1016420","3000   ","2014JJ00",699.7,30.9,658.2,24.8,2.2,59.3,NA
"1016420","3000   ","2015JJ00",721.3,31,678.9,25.3,1.6,60.4,NA
"1016420","3000   ","2016JJ00",733.9,32.6,691.1,26.2,3.5,62.7,NA
"1016420","3000   ","2017JJ00",745.1,33.7,703.7,27.2,0.7,64.7,NA
"1016420","3000   ","2018JJ00",761.6,34.2,719.5,28.1,0.7,66.5,5.9
"1016420","3000   ","2019JJ00",781.4,36.6,738.4,29.2,1.6,67.6,5.2
"1016420","3000   ","2020JJ00",824.6,37.3,782.5,29.8,2.9,66.2,4.2
"1016420","3000   ","2021JJ00",846.4,39.4,801.5,31.4,1.5,68.9,4.1
"1016420","3000   ","2022JJ00",865.7,41.7,820.7,33.3,-1.4,72,3
"1016420","3000   ","2023JJ00",895.5,46.2,847.4,35.9,0.2,72.9,2.5
"1016420","3000   ","2024JJ00",933.1,49.4,881.8,38.5,3.9,72.6,2.9
"1016420","4000   ","2011JJ00",3549.3,29.4,3058.5,18.1,NA,49.8,NA
"1016420","4000   ","2012JJ00",3523.8,29.6,3054.4,18.4,-1.2,50.2,NA
"1016420","4000   ","2013JJ00",3502.1,29.9,3041.3,18.7,-1.4,50.4,NA
"1016420","4000   ","2014JJ00",3493.1,31.7,3043,19,1.6,50.9,NA
"1016420","4000   ","2015JJ00",3473.4,31.3,3034.1,19.4,0.9,51.8,NA
"1016420","4000   ","2016JJ00",3466.1,32.7,3044.4,20,2.5,53.4,NA
"1016420","4000   ","2017JJ00",3469.3,34,3070.7,20.7,0.3,55,NA
"1016420","4000   ","2018JJ00",3470.3,34.1,3094.8,21.3,0.3,56.9,3.3
"1016420","4000   ","2019JJ00",3467.4,37,3109.9,22.2,1.3,58.5,2.8
"1016420","4000   ","2020JJ00",3447,37.4,3110.5,23.1,2.1,58.9,2.3
"1016420","4000   ","2021JJ00",3449.3,39.1,3131.3,24.1,0.9,61.3,2.2
"1016420","4000   ","2022JJ00",3445.7,41.4,3145.9,25.6,-2.1,63.9,1.6
"1016420","4000   ","2023JJ00",3438.5,47.4,3146.2,27.6,0.1,64.8,1.2
"1016420","4000   ","2024JJ00",3417.9,49.6,3133.3,29.7,3.3,65.2,1.4
"1016445","T001038","2011JJ00",3414.7,25.8,549.5,2.1,NA,36.6,NA
"1016445","T001038","2012JJ00",3397.1,25.9,531.7,2.2,-0.7,29.7,NA
"1016445","T001038","2013JJ00",3372.9,26.2,515.9,2.1,0.1,27.6,NA
"1016445","T001038","2014JJ00",3354.5,27.8,519.2,2.1,2.9,27.2,NA
"1016445","T001038","2015JJ00",3337.1,27.7,534.2,2.1,2.8,27.3,NA
"1016445","T001038","2016JJ00",3322.6,29.2,560.2,2.2,5.1,32,NA
"1016445","T001038","2017JJ00",3304.9,30.3,584.9,2.3,1.9,34.9,NA
"1016445","T001038","2018JJ00",3289.1,31,612.6,2.4,2.1,39.3,8.6
"1016445","T001038","2019JJ00",3265.1,33.4,621.4,2.6,2.8,42.2,7.5
"1016445","T001038","2020JJ00",3245.5,34,586.8,2.8,4.5,46.1,6.2
"1016445","T001038","2021JJ00",3220.9,35.6,613.3,2.8,3,51.8,5.6
"1016445","T001038","2022JJ00",3211.6,37.8,650.8,3.1,0.4,62.5,4
"1016445","T001038","2023JJ00",3217.8,42.4,664,3.4,2,66.8,2.8
"1016445","T001038","2024JJ00",3207,44.5,656,3.7,5.6,62,2.8
"1016445","3000   ","2011JJ00",1746.3,25.8,276.1,2.3,NA,42.5,NA
"1016445","3000   ","2012JJ00",1737.6,25.9,266.3,2.3,-0.7,34.2,NA
"1016445","3000   ","2013JJ00",1725.5,26.2,257.8,2.2,0.1,32.4,NA
"1016445","3000   ","2014JJ00",1716.7,27.8,259.8,2.2,2.8,32.6,NA
"1016445","3000   ","2015JJ00",1707.1,27.7,267.2,2.2,2.7,33.9,NA
"1016445","3000   ","2016JJ00",1700,29.2,281.6,2.3,5,38.6,NA
"1016445","3000   ","2017JJ00",1691.6,30.2,295.1,2.5,1.9,41.7,NA
"1016445","3000   ","2018JJ00",1683.7,30.9,310.2,2.6,2.1,44.8,8.7
"1016445","3000   ","2019JJ00",1671.9,33.4,314.9,2.8,2.8,47.8,7.5
"1016445","3000   ","2020JJ00",1661.9,34,295.5,3,4.5,50.9,6.2
"1016445","3000   ","2021JJ00",1650,35.6,307.5,3.1,3,56.8,5.6
"1016445","3000   ","2022JJ00",1645.1,37.8,329.3,3.3,0.4,68.9,4
"1016445","3000   ","2023JJ00",1648.5,42.3,338.1,3.7,2,73.3,2.8
"1016445","3000   ","2024JJ00",1643.2,44.5,335.4,4,5.7,68,2.8
"1016445","4000   ","2011JJ00",1668.4,25.8,273.4,1.9,NA,18.5,NA
"1016445","4000   ","2012JJ00",1659.5,25.9,265.4,2,-0.7,16.6,NA
"1016445","4000   ","2013JJ00",1647.4,26.2,258.1,2,0.2,15.8,NA
"1016445","4000   ","2014JJ00",1637.8,27.9,259.4,2,2.9,13.4,NA
"1016445","4000   ","2015JJ00",1630.1,27.7,267,2,2.8,11.8,NA
"1016445","4000   ","2016JJ00",1622.6,29.2,278.6,2,5.1,15.7,NA
"1016445","4000   ","2017JJ00",1613.4,30.3,289.8,2.1,1.9,17.5,NA
"1016445","4000   ","2018JJ00",1605.4,31,302.4,2.2,2.1,23.3,8.6
"1016445","4000   ","2019JJ00",1593.2,33.5,306.5,2.4,2.8,25.5,7.5
"1016445","4000   ","2020JJ00",1583.6,34.1,291.3,2.5,4.5,31.4,6.2
"1016445","4000   ","2021JJ00",1570.9,35.6,305.8,2.6,3,35.9,5.5
"1016445","4000   ","2022JJ00",1566.4,37.9,321.5,2.8,0.4,44,4
"1016445","4000   ","2023JJ00",1569.3,42.4,325.9,3.1,2,49.1,2.8
"1016445","4000   ","2024JJ00",1563.8,44.6,320.6,3.3,5.6,45.8,2.8
"1016460","T001038","2011JJ00",1132.5,30.4,1096.4,15.8,NA,66.6,NA
"1016460","T001038","2012JJ00",1157.5,30.3,1119.7,15.5,0,64.6,NA
"1016460","T001038","2013JJ00",1175.6,30.5,1134.2,15.1,0.8,62.1,NA
"1016460","T001038","2014JJ00",1185.3,32.1,1142.1,15.1,3.8,61.6,NA
"1016460","T001038","2015JJ00",1194.2,32,1149,15.4,3.9,62.8,NA
"1016460","T001038","2016JJ00",1215.2,33.6,1161.7,15.9,6.1,65.5,NA
"1016460","T001038","2017JJ00",1245.3,35.2,1188.5,16.4,3.8,68.1,NA
"1016460","T001038","2018JJ00",1275.9,35.7,1215.1,17.2,3.9,70.5,4.8
"1016460","T001038","2019JJ00",1319.1,38.8,1255.7,18,4.7,72,4.1
"1016460","T001038","2020JJ00",1355.2,39.6,1283.4,18.6,5.4,71.2,3.5
"1016460","T001038","2021JJ00",1373.9,41.5,1306.7,19.6,4.7,74.1,3.1
"1016460","T001038","2022JJ00",1385.7,44.2,1323.1,21.1,1.6,77.5,2.6
"1016460","T001038","2023JJ00",1422.4,50.7,1373.7,22.9,3.6,78.1,1.9
"1016460","T001038","2024JJ00",1417.8,53,1369.4,25.4,6.3,76.8,2.1
"1016460","3000   ","2011JJ00",693.8,30.8,669.8,17.6,NA,68.6,NA
"1016460","3000   ","2012JJ00",706.3,30.6,680.2,17.2,-0.2,66.6,NA
"1016460","3000   ","2013JJ00",713.4,30.8,684.9,16.8,0.6,64.1,NA
"1016460","3000   ","2014JJ00",718.5,32.4,689.2,16.8,3.6,63.9,NA
"1016460","3000   ","2015JJ00",722.7,32.3,692.5,17.1,3.7,65.1,NA
"1016460","3000   ","2016JJ00",731.8,34,696.6,17.6,5.9,67.7,NA
"1016460","3000   ","2017JJ00",746.5,35.6,709.3,18.3,3.5,69.9,NA
"1016460","3000   ","2018JJ00",760.2,36,720.6,19.2,3.7,72,4.6
"1016460","3000   ","2019JJ00",781.3,39.1,739.9,20.1,4.4,73.2,4
"1016460","3000   ","2020JJ00",799.9,40,753.1,20.7,5,72,3.5
"1016460","3000   ","2021JJ00",810.4,41.8,765.6,21.8,4.4,74.6,3.1
"1016460","3000   ","2022JJ00",816.3,44.5,773.8,23.4,1.3,77.7,2.6
"1016460","3000   ","2023JJ00",833.2,51,799.1,25.3,3.3,78.3,1.9
"1016460","3000   ","2024JJ00",832.9,53.4,798.6,27.8,5.9,77,2.2
"1016460","4000   ","2011JJ00",438.7,29.8,426.6,13.1,NA,62.4,NA
"1016460","4000   ","2012JJ00",451.2,29.7,439.4,12.8,0.3,60.7,NA
"1016460","4000   ","2013JJ00",462.2,29.9,449.3,12.6,1.2,58.2,NA
"1016460","4000   ","2014JJ00",466.8,31.6,452.9,12.6,4,57.1,NA
"1016460","4000   ","2015JJ00",471.5,31.4,456.5,12.9,4.3,58.2,NA
"1016460","4000   ","2016JJ00",483.4,33,465.1,13.2,6.4,61.4,NA
"1016460","4000   ","2017JJ00",498.7,34.5,479.2,13.6,4.1,64.7,NA
"1016460","4000   ","2018JJ00",515.7,35.1,494.6,14.3,4.3,67.6,5
"1016460","4000   ","2019JJ00",537.8,38.4,515.9,15,5.2,69.8,4.2
"1016460","4000   ","2020JJ00",555.3,39.1,530.3,15.7,5.9,69.9,3.5
"1016460","4000   ","2021JJ00",563.4,41.1,541,16.6,5.1,73.2,3.1
"1016460","4000   ","2022JJ00",569.5,43.7,549.3,17.8,2.1,77.1,2.5
"1016460","4000   ","2023JJ00",589.2,50.2,574.6,19.5,4.1,77.7,1.8
"1016460","4000   ","2024JJ00",584.9,52.4,570.8,22,6.8,76.5,2
"1016520","T001038","2011JJ00",235.4,27,179.2,16.6,NA,44.7,NA
"1016520","T001038","2012JJ00",230.2,26.7,173.6,16.4,-1.6,43.5,NA
"1016520","T001038","2013JJ00",226.2,27,169.3,16.7,-1.1,43.1,NA
"1016520","T001038","2014JJ00",225.5,28.2,169,16.8,1.9,42.7,NA
"1016520","T001038","2015JJ00",233.5,28.5,174,17.1,1.5,44.6,NA
"1016520","T001038","2016JJ00",234.2,30.1,174.2,17.8,3.5,47.3,NA
"1016520","T001038","2017JJ00",247.7,31.8,185.1,18.7,1.3,50.3,NA
"1016520","T001038","2018JJ00",248.9,32.6,186.9,19.6,1.5,52.9,7
"1016520","T001038","2019JJ00",249.6,35.1,188.3,20.4,2.4,54.4,6.1
"1016520","T001038","2020JJ00",251.8,35.8,190.1,20.9,3.2,52.6,5.1
"1016520","T001038","2021JJ00",257,37.9,195.4,21.8,2.4,55.3,5
"1016520","T001038","2022JJ00",253.7,40,197.4,22.7,-0.6,58.3,4.3
"1016520","T001038","2023JJ00",261,45,199.3,24.8,1.6,58.7,4
"1016520","T001038","2024JJ00",272.6,47.3,209.3,26.4,4.2,57.9,4.4
"1016520","3000   ","2011JJ00",106.8,26.9,80.8,18.7,NA,52.1,NA
"1016520","3000   ","2012JJ00",104,26.5,77.2,18.4,-1.6,49.9,NA
"1016520","3000   ","2013JJ00",102.4,26.8,75.4,18.6,-1,49,NA
"1016520","3000   ","2014JJ00",102,28,75.2,18.7,2,49.5,NA
"1016520","3000   ","2015JJ00",105.2,28.5,77,19.3,1.6,51.3,NA
"1016520","3000   ","2016JJ00",105.9,30.3,77.5,20.2,3.7,54.6,NA
"1016520","3000   ","2017JJ00",112.9,32,83.2,21.4,1.5,57.4,NA
"1016520","3000   ","2018JJ00",114.1,32.8,84.6,22.5,1.6,59.7,7.5
"1016520","3000   ","2019JJ00",114.9,35.3,85.7,23.2,2.5,60.9,6.5
"1016520","3000   ","2020JJ00",115.9,36.1,86.3,23.6,3.3,58,5.5
"1016520","3000   ","2021JJ00",118.5,37.9,88.9,24.5,2.5,60.3,5.4
"1016520","3000   ","2022JJ00",117,40.3,90.1,25.5,-0.5,63.4,4.7
"1016520","3000   ","2023JJ00",120,45.4,90.7,27.8,1.5,64.2,4.3
"1016520","3000   ","2024JJ00",125.4,47.7,95.5,29.5,4.2,63,4.7
"1016520","4000   ","2011JJ00",128.7,27.1,98.4,14.9,NA,37.9,NA
"1016520","4000   ","2012JJ00",126.2,26.9,96.4,14.9,-1.6,37.7,NA
"1016520","4000   ","2013JJ00",123.8,27.1,93.9,15.1,-1.2,37.6,NA
"1016520","4000   ","2014JJ00",123.5,28.3,93.8,15.2,1.8,36.7,NA
"1016520","4000   ","2015JJ00",128.3,28.5,97,15.4,1.4,38.8,NA
"1016520","4000   ","2016JJ00",128.3,30,96.7,15.8,3.3,41,NA
"1016520","4000   ","2017JJ00",134.8,31.7,102,16.6,1.2,44.2,NA
"1016520","4000   ","2018JJ00",134.8,32.5,102.4,17.3,1.4,47.1,6.6
"1016520","4000   ","2019JJ00",134.7,34.9,102.7,18,2.3,48.6,5.7
"1016520","4000   ","2020JJ00",135.9,35.5,103.8,18.7,3.2,47.9,4.8
"1016520","4000   ","2021JJ00",138.5,37.9,106.5,19.6,2.4,50.9,4.6
"1016520","4000   ","2022JJ00",136.7,39.8,107.3,20.3,-0.7,53.8,4
"1016520","4000   ","2023JJ00",141,44.7,108.6,22.3,1.6,54,3.8
"1016520","4000   ","2024JJ00",147.2,46.9,113.8,23.8,4.2,53.5,4.2
"2017551","T001038","2011JJ00",6306.9,29.6,6306.9,37.2,NA,88.1,NA
"2017551","T001038","2012JJ00",6259.3,29.8,6259.3,37.9,-0.7,88,NA
"2017551","T001038","2013JJ00",6162,30.5,6162,38.9,0.3,88.2,NA
"2017551","T001038","2014JJ00",6111.7,31.8,6111.7,39.5,2.9,88.5,NA
"2017551","T001038","2015JJ00",6153.5,32.2,6153.5,40.3,2.5,88.9,NA
"2017551","T001038","2016JJ00",6217.8,33.5,6217.8,40.8,4.8,89.7,NA
"2017551","T001038","2017JJ00",6329.4,34.3,6329.4,41.3,1.3,90.2,NA
"2017551","T001038","2018JJ00",6489.9,34.7,6489.9,42,1.6,90.6,2.8
"2017551","T001038","2019JJ00",6625.1,36.8,6625.1,43.1,2.5,91.1,2.6
"2017551","T001038","2020JJ00",6659.5,38.1,6659.5,44.5,4.1,91.5,2.1
"2017551","T001038","2021JJ00",6739.9,40,6739.9,46,2.6,92.5,1.9
"2017551","T001038","2022JJ00",6888.5,42.2,6888.5,48.3,-0.6,93.4,1.7
"2017551","T001038","2023JJ00",7003.8,46.4,7003.8,51,0.9,93.8,1.5
"2017551","T001038","2024JJ00",7097,49.3,7097,54.1,4.9,93.7,1.7
"2017551","3000   ","2011JJ00",3326,29.8,3326,45.9,NA,94.9,NA
"2017551","3000   ","2012JJ00",3284.1,30,3284.1,46.8,-0.8,94.7,NA
"2017551","3000   ","2013JJ00",3219.4,30.7,3219.4,47.9,0.4,94.6,NA
"2017551","3000   ","2014JJ00",3190,31.9,3190,48.5,2.8,94.6,NA
"2017551","3000   ","2015JJ00",3216.5,32.4,3216.5,49.4,2.4,94.6,NA
"2017551","3000   ","2016JJ00",3247.9,33.7,3247.9,49.7,4.8,95,NA
"2017551","3000   ","2017JJ00",3297.2,34.4,3297.2,50.2,1.3,95.2,NA
"2017551","3000   ","2018JJ00",3367.5,34.8,3367.5,51,1.6,95.4,2.7
"2017551","3000   ","2019JJ00",3419.8,36.8,3419.8,52.2,2.5,95.5,2.4
"2017551","3000   ","2020JJ00",3422.3,38.3,3422.3,53.5,4.1,95.6,2
"2017551","3000   ","2021JJ00",3448.3,40.2,3448.3,55.3,2.7,96.1,1.8
"2017551","3000   ","2022JJ00",3506.9,42.5,3506.9,57.8,-0.7,96.6,1.6
"2017551","3000   ","2023JJ00",3550.1,46.4,3550.1,60.6,0.8,96.7,1.4
"2017551","3000   ","2024JJ00",3584.8,49.3,3584.8,63.8,4.9,96.5,1.6
"2017551","4000   ","2011JJ00",2980.9,29.4,2980.9,27.5,NA,80.5,NA
"2017551","4000   ","2012JJ00",2975.3,29.5,2975.3,28.1,-0.7,80.7,NA
"2017551","4000   ","2013JJ00",2942.6,30.1,2942.6,29,0.3,81.3,NA
"2017551","4000   ","2014JJ00",2921.7,31.6,2921.7,29.6,2.9,81.9,NA
"2017551","4000   ","2015JJ00",2937,31.9,2937,30.3,2.6,82.6,NA
"2017551","4000   ","2016JJ00",2969.9,33.3,2969.9,31,4.9,83.9,NA
"2017551","4000   ","2017JJ00",3032.2,34.2,3032.2,31.6,1.4,84.7,NA
"2017551","4000   ","2018JJ00",3122.4,34.5,3122.4,32.3,1.5,85.5,3
"2017551","4000   ","2019JJ00",3205.3,36.8,3205.3,33.4,2.5,86.3,2.7
"2017551","4000   ","2020JJ00",3237.2,37.9,3237.2,35,4.1,87.2,2.2
"2017551","4000   ","2021JJ00",3291.7,39.8,3291.7,36.3,2.5,88.6,2
"2017551","4000   ","2022JJ00",3381.6,41.9,3381.6,38.5,-0.6,90,1.7
"2017551","4000   ","2023JJ00",3453.8,46.4,3453.8,41.1,0.9,90.7,1.5
"2017551","4000   ","2024JJ00",3512.3,49.2,3512.3,44.1,4.9,90.9,1.7
"2016951","T001038","2011JJ00",1093.1,34.9,1093.1,38.8,NA,74.2,NA
"2016951","T001038","2012JJ00",1106.2,34.7,1106.2,38.1,-2.2,73.2,NA
"2016951","T001038","2013JJ00",1120.2,33.9,1120.2,37.9,-2.7,72.8,NA
"2016951","T001038","2014JJ00",1149.7,38.5,1149.7,39.1,3.4,73.7,NA
"2016951","T001038","2015JJ00",1180,35.7,1180,39.8,1.7,74.6,NA
"2016951","T001038","2016JJ00",1208.4,38.3,1208.4,41.5,4.7,76.2,NA
"2016951","T001038","2017JJ00",1223.5,40.2,1223.5,43.6,2.4,77.5,NA
"2016951","T001038","2018JJ00",1261.8,41.6,1261.8,44.9,1.9,79,4.6
"2016951","T001038","2019JJ00",1294.4,47.5,1294.4,46.5,2.2,79.9,4.3
"2016951","T001038","2020JJ00",1291.9,46,1291.9,47.4,2.8,76.5,3.4
"2016951","T001038","2021JJ00",1330.8,47.8,1330.8,50.3,2.2,79.2,3.5
"2016951","T001038","2022JJ00",1395.9,50.5,1395.9,52.4,-1.3,83.2,3.2
"2016951","T001038","2023JJ00",1452.4,61.4,1452.4,53.9,-1.6,83,3.2
"2016951","T001038","2024JJ00",1465.7,62.2,1465.7,56,3.1,82.2,3.9
"2016951","3000   ","2011JJ00",682.6,35.3,682.6,47.4,NA,85,NA
"2016951","3000   ","2012JJ00",692.5,35.1,692.5,46.3,-2.3,83.5,NA
"2016951","3000   ","2013JJ00",699.1,34.2,699.1,46.1,-3,83.2,NA
"2016951","3000   ","2014JJ00",717.2,39.4,717.2,47.5,3.7,84.1,NA
"2016951","3000   ","2015JJ00",735.7,35.8,735.7,48.2,1.4,84.9,NA
"2016951","3000   ","2016JJ00",753.7,38.8,753.7,49.9,4.8,86,NA
"2016951","3000   ","2017JJ00",760.2,40.5,760.2,52.3,2.5,87,NA
"2016951","3000   ","2018JJ00",789.7,42.3,789.7,53.3,2,87.9,4.4
"2016951","3000   ","2019JJ00",816.7,48.9,816.7,54.5,2.2,88.2,4.1
"2016951","3000   ","2020JJ00",821.6,46.6,821.6,55.1,2.7,84.6,3.4
"2016951","3000   ","2021JJ00",849.4,48.3,849.4,57.9,2.2,86.6,3.4
"2016951","3000   ","2022JJ00",893.2,51.1,893.2,59.9,-1.4,89.8,3.2
"2016951","3000   ","2023JJ00",931.7,63.4,931.7,61.2,-1.8,89.5,3.1
"2016951","3000   ","2024JJ00",945.7,63.7,945.7,62.9,2.9,88.5,3.8
"2016951","4000   ","2011JJ00",410.5,34.3,410.5,24.4,NA,56.6,NA
"2016951","4000   ","2012JJ00",413.7,34.1,413.7,24.5,-2,56.1,NA
"2016951","4000   ","2013JJ00",421.1,33.5,421.1,24.2,-2.2,55.7,NA
"2016951","4000   ","2014JJ00",432.5,37,432.5,25.2,2.8,56.7,NA
"2016951","4000   ","2015JJ00",444.4,35.3,444.4,26,2,57.7,NA
"2016951","4000   ","2016JJ00",454.7,37.5,454.7,27.6,4.4,60.1,NA
"2016951","4000   ","2017JJ00",463.2,39.6,463.2,29.3,2.1,62.1,NA
"2016951","4000   ","2018JJ00",472.1,40.5,472.1,30.8,1.7,64.3,5
"2016951","4000   ","2019JJ00",477.6,45,477.6,32.7,2.2,65.9,4.6
"2016951","4000   ","2020JJ00",470.3,44.8,470.3,33.9,3.1,62.4,3.5
"2016951","4000   ","2021JJ00",481.4,47,481.4,36.8,2.4,66.3,3.6
"2016951","4000   ","2022JJ00",502.7,49.4,502.7,39.1,-1.1,71.7,3.4
"2016951","4000   ","2023JJ00",520.7,57.8,520.7,41,-1.4,71.5,3.3
"2016951","4000   ","2024JJ00",520,59.5,520,43.4,3.5,70.9,4
"2017150","T001038","2011JJ00",4108.4,23.2,4108.4,21.1,NA,3.5,NA
"2017150","T001038","2012JJ00",4219.8,23.6,4219.8,21.2,-1.2,3.3,NA
"2017150","T001038","2013JJ00",4353.1,23.5,4353.1,21.5,-2.6,3.3,NA
"2017150","T001038","2014JJ00",4407.7,24.7,4407.7,22.1,0.9,3.3,NA
"2017150","T001038","2015JJ00",4431.2,24.3,4431.2,21.9,0.2,3.4,NA
"2017150","T001038","2016JJ00",4448.6,25,4448.6,22.5,1,3.8,NA
"2017150","T001038","2017JJ00",4478.3,26.2,4478.3,24.2,0,4.5,NA
"2017150","T001038","2018JJ00",4424.6,25.7,4424.6,23.2,-0.3,3.9,12.3
"2017150","T001038","2019JJ00",4401,27.4,4401,23.9,0.7,4,10.9
"2017150","T001038","2020JJ00",4521.9,27.6,4521.9,24.4,1.3,3.8,8.5
"2017150","T001038","2021JJ00",4528.9,28.7,4528.9,25.2,-0.2,4.1,8.7
"2017150","T001038","2022JJ00",4480,30.2,4480,26,-2.7,3.6,4.9
"2017150","T001038","2023JJ00",4495.5,34,4495.5,28.2,-0.1,3.8,3.7
"2017150","T001038","2024JJ00",4533.9,35.8,4533.9,30,1.8,4.2,4.5
"2017150","3000   ","2011JJ00",1876.6,23.6,1876.6,26.6,NA,5.1,NA
"2017150","3000   ","2012JJ00",1932.9,24,1932.9,26.6,-1.2,4.7,NA
"2017150","3000   ","2013JJ00",2006.5,24,2006.5,26.8,-2.7,4.7,NA
"2017150","3000   ","2014JJ00",2030.6,25.2,2030.6,27.6,0.8,4.7,NA
"2017150","3000   ","2015JJ00",2028.4,24.8,2028.4,27.4,0.1,4.8,NA
"2017150","3000   ","2016JJ00",2028,25.5,2028,28,0.9,5.3,NA
"2017150","3000   ","2017JJ00",2045.9,27.2,2045.9,31,-0.1,6.5,NA
"2017150","3000   ","2018JJ00",2011.5,26.3,2011.5,28.8,-0.3,5.3,13
"2017150","3000   ","2019JJ00",1998.5,28.1,1998.5,29.5,0.7,5.5,11.4
"2017150","3000   ","2020JJ00",2062.4,28.2,2062.4,29.9,1.2,5.2,8.9
"2017150","3000   ","2021JJ00",2064.1,29.4,2064.1,30.9,-0.3,5.7,9.2
"2017150","3000   ","2022JJ00",2042,30.7,2042,31.5,-2.8,4.8,5.4
"2017150","3000   ","2023JJ00",2044.1,34.8,2044.1,34.2,0,5.1,3.9
"2017150","3000   ","2024JJ00",2063,36.7,2063,36.2,1.8,5.7,4.9
"2017150","4000   ","2011JJ00",2231.8,22.7,2231.8,16.5,NA,2.1,NA
"2017150","4000   ","2012JJ00",2286.9,23.2,2286.9,16.7,-1.2,2,NA
"2017150","4000   ","2013JJ00",2346.6,23.1,2346.6,16.9,-2.4,2,NA
"2017150","4000   ","2014JJ00",2377.1,24.2,2377.1,17.3,1,2.1,NA
"2017150","4000   ","2015JJ00",2402.9,23.9,2402.9,17.4,0.3,2.3,NA
"2017150","4000   ","2016JJ00",2420.6,24.5,2420.6,17.8,1,2.5,NA
"2017150","4000   ","2017JJ00",2432.4,25.4,2432.4,18.5,0,2.9,NA
"2017150","4000   ","2018JJ00",2413.1,25.3,2413.1,18.6,-0.3,2.8,11.8
"2017150","4000   ","2019JJ00",2402.5,26.9,2402.5,19.3,0.7,2.8,10.5
"2017150","4000   ","2020JJ00",2459.5,27.1,2459.5,19.8,1.3,2.7,8.2
"2017150","4000   ","2021JJ00",2464.8,28.1,2464.8,20.4,-0.2,2.8,8.3
"2017150","4000   ","2022JJ00",2438,29.7,2438,21.3,-2.6,2.6,4.6
"2017150","4000   ","2023JJ00",2451.4,33.4,2451.4,23.3,-0.1,2.8,3.5
"2017150","4000   ","2024JJ00",2470.9,35.1,2470.9,24.8,1.7,3,4.3
"2017553","T001038","2011JJ00",1148.7,19,1148.7,18.4,NA,1.8,NA
"2017553","T001038","2012JJ00",1194.5,19,1194.5,18.5,-1.5,1.8,NA
"2017553","T001038","2013JJ00",1289.3,19.2,1289.3,18.9,-1.7,2,NA
"2017553","T001038","2014JJ00",1323,19.8,1323,18.9,1.5,1.9,NA
"2017553","T001038","2015JJ00",1309.3,19.9,1309.3,18.5,0.7,1.8,NA
"2017553","T001038","2016JJ00",1296.5,20.3,1296.5,18.5,1.3,1.8,NA
"2017553","T001038","2017JJ00",1283.5,20.7,1283.5,18.8,0.4,1.8,NA
"2017553","T001038","2018JJ00",1234.3,20.9,1234.3,19.1,-0.1,1.8,36.2
"2017553","T001038","2019JJ00",1199.9,21.9,1199.9,19.6,0.7,1.8,32.8
"2017553","T001038","2020JJ00",1268.2,22.5,1268.2,19.7,1.7,1.7,25.4
"2017553","T001038","2021JJ00",1222.3,23.2,1222.3,20.1,0.1,1.8,26.7
"2017553","T001038","2022JJ00",1179.8,24.6,1179.8,20.8,2.4,1.7,14.9
"2017553","T001038","2023JJ00",1180,26.9,1180,23.3,1.5,1.9,11
"2017553","T001038","2024JJ00",1190.9,28.8,1190.9,24.9,1,2.1,13.4
"2017553","3000   ","2011JJ00",546.6,18.5,546.6,20.9,NA,2.9,NA
"2017553","3000   ","2012JJ00",572,18.6,572,20.9,-1.4,2.9,NA
"2017553","3000   ","2013JJ00",622.3,18.8,622.3,21.3,-1.7,3.1,NA
"2017553","3000   ","2014JJ00",630.5,19.4,630.5,21.3,1.4,2.9,NA
"2017553","3000   ","2015JJ00",614.1,19.4,614.1,21.1,0.6,2.7,NA
"2017553","3000   ","2016JJ00",599.1,19.7,599.1,21.1,1.3,2.7,NA
"2017553","3000   ","2017JJ00",590.5,20,590.5,21.2,0.3,2.6,NA
"2017553","3000   ","2018JJ00",561,20.2,561,21.6,-0.1,2.6,39
"2017553","3000   ","2019JJ00",540.8,21.2,540.8,22.1,0.7,2.6,35.4
"2017553","3000   ","2020JJ00",575,21.8,575,22,1.7,2.4,27.3
"2017553","3000   ","2021JJ00",549.6,22.4,549.6,22.5,0.1,2.5,29.1
"2017553","3000   ","2022JJ00",530.4,23.6,530.4,23.1,2.5,2.4,17
"2017553","3000   ","2023JJ00",521.9,26,521.9,25.9,1.5,2.7,12.3
"2017553","3000   ","2024JJ00",525.1,27.8,525.1,27.5,0.6,2.9,15.3
"2017553","4000   ","2011JJ00",602.1,19.3,602.1,16.1,NA,0.9,NA
"2017553","4000   ","2012JJ00",622.5,19.4,622.5,16.3,-1.7,0.9,NA
"2017553","4000   ","2013JJ00",667,19.5,667,16.6,-1.7,1,NA
"2017553","4000   ","2014JJ00",692.5,20.3,692.5,16.7,1.6,1,NA
"2017553","4000   ","2015JJ00",695.2,20.4,695.2,16.2,0.8,0.9,NA
"2017553","4000   ","2016JJ00",697.5,20.9,697.5,16.4,1.4,1,NA
"2017553","4000   ","2017JJ00",693.1,21.3,693.1,16.7,0.4,1,NA
"2017553","4000   ","2018JJ00",673.3,21.4,673.3,17,-0.1,1.1,33.8
"2017553","4000   ","2019JJ00",659,22.5,659,17.5,0.7,1.1,30.7
"2017553","4000   ","2020JJ00",693.2,23.1,693.2,17.7,1.7,1.1,23.7
"2017553","4000   ","2021JJ00",672.7,23.8,672.7,18.1,0.2,1.1,24.7
"2017553","4000   ","2022JJ00",649.4,25.5,649.4,19,2.3,1.1,13.2
"2017553","4000   ","2023JJ00",658.1,27.7,658.1,21.3,1.5,1.4,9.9
"2017553","4000   ","2024JJ00",665.7,29.6,665.7,22.7,1.2,1.5,11.9
"2017200","T001038","2011JJ00",161.9,22.4,161.9,23.7,NA,6.7,NA
"2017200","T001038","2012JJ00",190.8,22.5,190.8,23.6,-2.3,6.4,NA
"2017200","T001038","2013JJ00",246.3,22.9,246.3,23.7,-2.3,6.3,NA
"2017200","T001038","2014JJ00",263.3,23.8,263.3,23.5,-0.1,5.8,NA
"2017200","T001038","2015JJ00",237.1,24.5,237.1,23.4,0.2,5.6,NA
"2017200","T001038","2016JJ00",206.6,25.6,206.6,23.6,1.4,6.2,NA
"2017200","T001038","2017JJ00",171.4,26.6,171.4,24.3,0.1,6.7,NA
"2017200","T001038","2018JJ00",134.3,27.4,134.3,25.4,0.2,7.6,11.5
"2017200","T001038","2019JJ00",113.9,28.7,113.9,26.1,0.7,8.1,11.1
"2017200","T001038","2020JJ00",124.1,28.6,124.1,25.9,1.1,7.7,10.5
"2017200","T001038","2021JJ00",101.7,29.3,101.7,25.8,0.7,8.8,10.8
"2017200","T001038","2022JJ00",66.3,31.2,66.3,27.6,-1.9,9.4,8.3
"2017200","T001038","2023JJ00",63.9,33.8,63.9,30.2,-0.2,10.6,7.6
"2017200","T001038","2024JJ00",73.3,35.6,73.3,31.3,1,10.9,9.5
"2017200","3000   ","2011JJ00",92.9,21.6,92.9,27.3,NA,8.9,NA
"2017200","3000   ","2012JJ00",109.6,21.6,109.6,27.1,-1.9,8.6,NA
"2017200","3000   ","2013JJ00",138.8,22,138.8,27.3,-2,8.5,NA
"2017200","3000   ","2014JJ00",142,22.7,142,27.5,0,8,NA
"2017200","3000   ","2015JJ00",120.1,23.3,120.1,28.1,0.2,8.1,NA
"2017200","3000   ","2016JJ00",98.7,24.3,98.7,28.8,1.7,9.1,NA
"2017200","3000   ","2017JJ00",80,25.2,80,29.5,0.4,9.8,NA
"2017200","3000   ","2018JJ00",62.7,25.9,62.7,30.5,0.5,10.7,13.3
"2017200","3000   ","2019JJ00",54.9,27,54.9,30.7,1.1,11,12.8
"2017200","3000   ","2020JJ00",62.1,27.1,62.1,29.6,1.2,10,12.2
"2017200","3000   ","2021JJ00",50.9,27.8,50.9,29.8,1.1,11.6,12.3
"2017200","3000   ","2022JJ00",33.7,29.7,33.7,31.7,-1.2,12,9.6
"2017200","3000   ","2023JJ00",32.9,32,32.9,33.8,0.4,13,8.9
"2017200","3000   ","2024JJ00",38.3,33.9,38.3,35.1,1.6,13.4,10.6
"2017200","4000   ","2011JJ00",69,23.6,69,18.8,NA,3.7,NA
"2017200","4000   ","2012JJ00",81.2,23.7,81.2,18.9,-2.9,3.4,NA
"2017200","4000   ","2013JJ00",107.4,24,107.4,18.9,-2.7,3.4,NA
"2017200","4000   ","2014JJ00",121.4,25.1,121.4,18.7,-0.1,3.2,NA
"2017200","4000   ","2015JJ00",116.9,25.7,116.9,18.6,0.1,3,NA
"2017200","4000   ","2016JJ00",107.8,26.9,107.8,18.9,1.1,3.5,NA
"2017200","4000   ","2017JJ00",91.3,27.9,91.3,19.7,-0.1,4,NA
"2017200","4000   ","2018JJ00",71.7,28.8,71.7,21,-0.1,5,9.9
"2017200","4000   ","2019JJ00",59,30.4,59,21.9,0.4,5.5,9.5
"2017200","4000   ","2020JJ00",62.1,30.2,62.1,22.2,1,5.5,8.7
"2017200","4000   ","2021JJ00",50.8,30.8,50.8,21.8,0.4,5.9,9.3
"2017200","4000   ","2022JJ00",32.6,32.7,32.6,23.3,-2.6,6.9,6.9
"2017200","4000   ","2023JJ00",30.9,35.6,30.9,26.2,-0.9,8.1,6.2
"2017200","4000   ","2024JJ00",35,37.4,35,27.2,0.6,8.3,8.3
"2017201","T001038","2011JJ00",497.8,14.7,497.8,13.6,NA,0,NA
"2017201","T001038","2012JJ00",517.2,14.7,517.2,13.7,-1.6,0,NA
"2017201","T001038","2013JJ00",556.8,14.8,556.8,14,-1.6,0,NA
"2017201","T001038","2014JJ00",578.4,15.4,578.4,14.1,2,0,NA
"2017201","T001038","2015JJ00",594.5,15.5,594.5,13.5,0.9,0,NA
"2017201","T001038","2016JJ00",610.5,15.7,610.5,13.6,1.3,0,NA
"2017201","T001038","2017JJ00",623.4,16,623.4,13.8,0.5,0,NA
"2017201","T001038","2018JJ00",603.1,16.2,603.1,13.9,-0.2,0,59.7
"2017201","T001038","2019JJ00",582.4,16.9,582.4,14.2,0.6,0,54.7
"2017201","T001038","2020JJ00",631.6,17.7,631.6,14.2,1.7,0,41.5
"2017201","T001038","2021JJ00",607.4,18.3,607.4,14.6,0,0.1,43.6
"2017201","T001038","2022JJ00",601.4,19.8,601.4,15.2,4.5,0.1,23.2
"2017201","T001038","2023JJ00",589.7,21.2,589.7,17.1,1.4,0.1,17.5
"2017201","T001038","2024JJ00",573.6,22.5,573.6,17.9,-1.3,0.1,21.6
"2017201","3000   ","2011JJ00",219.9,14.6,219.9,13.2,NA,0.1,NA
"2017201","3000   ","2012JJ00",231.4,14.6,231.4,13.2,-1.4,0.1,NA
"2017201","3000   ","2013JJ00",254.1,14.7,254.1,13.5,-1.7,0,NA
"2017201","3000   ","2014JJ00",264.3,15.3,264.3,13.6,1.9,0.1,NA
"2017201","3000   ","2015JJ00",273.4,15.4,273.4,13.6,0.8,0.1,NA
"2017201","3000   ","2016JJ00",280.6,15.5,280.6,13.7,1.3,0,NA
"2017201","3000   ","2017JJ00",287.4,15.8,287.4,14,0.4,0,NA
"2017201","3000   ","2018JJ00",273.1,15.9,273.1,14.1,-0.2,0,64.2
"2017201","3000   ","2019JJ00",260.4,16.7,260.4,14.4,0.5,0,59.3
"2017201","3000   ","2020JJ00",285.8,17.5,285.8,14.5,1.7,0.1,44.6
"2017201","3000   ","2021JJ00",274.7,18,274.7,14.9,-0.1,0.1,47.4
"2017201","3000   ","2022JJ00",274.4,19.2,274.4,15.3,4.9,0.1,26
"2017201","3000   ","2023JJ00",263.5,20.9,263.5,17.4,1.3,0.1,19.3
"2017201","3000   ","2024JJ00",258,22,258,18.2,-2.1,0.2,24.3
"2017201","4000   ","2011JJ00",277.9,14.9,277.9,13.9,NA,0,NA
"2017201","4000   ","2012JJ00",285.8,14.8,285.8,14,-1.7,0,NA
"2017201","4000   ","2013JJ00",302.7,14.9,302.7,14.3,-1.6,0,NA
"2017201","4000   ","2014JJ00",314.2,15.4,314.2,14.5,2,0,NA
"2017201","4000   ","2015JJ00",321.1,15.6,321.1,13.5,0.9,0,NA
"2017201","4000   ","2016JJ00",329.9,15.9,329.9,13.5,1.3,0,NA
"2017201","4000   ","2017JJ00",336,16.2,336,13.7,0.5,0,NA
"2017201","4000   ","2018JJ00",330,16.4,330,13.8,-0.1,0,55.9
"2017201","4000   ","2019JJ00",321.9,17.1,321.9,14.1,0.6,0,51
"2017201","4000   ","2020JJ00",345.8,17.9,345.8,13.9,1.7,0,38.9
"2017201","4000   ","2021JJ00",332.7,18.5,332.7,14.4,0,0,40.4
"2017201","4000   ","2022JJ00",327,20.3,327,15.1,4.2,0,20.9
"2017201","4000   ","2023JJ00",326.2,21.4,326.2,17,1.7,0.1,16
"2017201","4000   ","2024JJ00",315.6,22.8,315.6,17.8,-0.4,0.1,19.3
"2017350","T001038","2011JJ00",488.9,22.1,488.9,21.5,NA,2,NA
"2017350","T001038","2012JJ00",486.6,22.2,486.6,21.7,-1.3,2,NA
"2017350","T001038","2013JJ00",486.2,22.3,486.2,22.1,-1.7,2,NA
"2017350","T001038","2014JJ00",481.3,23,481.3,22.2,1,2,NA
"2017350","T001038","2015JJ00",477.8,23.1,477.8,22.2,0.5,2,NA
"2017350","T001038","2016JJ00",479.5,23.9,479.5,22.6,1.4,2.1,NA
"2017350","T001038","2017JJ00",488.8,24.5,488.8,23.2,0.2,2.3,NA
"2017350","T001038","2018JJ00",496.9,24.8,496.9,23.7,0.1,2.4,14.4
"2017350","T001038","2019JJ00",503.6,26.1,503.6,24.3,1,2.4,12.4
"2017350","T001038","2020JJ00",512.5,26.9,512.5,25,1.8,2.3,9.1
"2017350","T001038","2021JJ00",513.2,27.8,513.2,25.4,0.3,2.4,9.9
"2017350","T001038","2022JJ00",512.1,29.5,512.1,26.6,-1.6,2.6,6.1
"2017350","T001038","2023JJ00",526.4,32.6,526.4,29.4,1.7,3,4.1
"2017350","T001038","2024JJ00",544,34.6,544,31.3,2.8,3.1,5.4
"2017350","3000   ","2011JJ00",233.8,21.1,233.8,25.6,NA,3.1,NA
"2017350","3000   ","2012JJ00",231,21.2,231,25.7,-1.1,3,NA
"2017350","3000   ","2013JJ00",229.4,21.4,229.4,26.2,-1.6,3.1,NA
"2017350","3000   ","2014JJ00",224.3,22,224.3,26.4,0.9,3.1,NA
"2017350","3000   ","2015JJ00",220.6,22.2,220.6,26.5,0.3,3.1,NA
"2017350","3000   ","2016JJ00",219.7,22.9,219.7,27,1.4,3.2,NA
"2017350","3000   ","2017JJ00",223.1,23.5,223.1,27.6,0.1,3.4,NA
"2017350","3000   ","2018JJ00",225.2,23.7,225.2,28.1,0.1,3.5,15.6
"2017350","3000   ","2019JJ00",225.5,25.1,225.5,28.8,1.1,3.6,13.4
"2017350","3000   ","2020JJ00",227.2,25.8,227.2,29.5,1.8,3.3,9.7
"2017350","3000   ","2021JJ00",224,26.6,224,30,0.2,3.5,10.6
"2017350","3000   ","2022JJ00",222.3,28.2,222.3,31.4,-1.6,3.8,7
"2017350","3000   ","2023JJ00",225.5,31.1,225.5,34.7,2.1,4.1,4.7
"2017350","3000   ","2024JJ00",228.8,33.2,228.8,36.8,3,4.3,6
"2017350","4000   ","2011JJ00",255.1,23.1,255.1,17.8,NA,1.1,NA
"2017350","4000   ","2012JJ00",255.5,23,255.5,18,-1.5,1,NA
"2017350","4000   ","2013JJ00",256.8,23.1,256.8,18.4,-1.8,1,NA
"2017350","4000   ","2014JJ00",257,23.8,257,18.5,1.1,1.1,NA
"2017350","4000   ","2015JJ00",257.1,24,257.1,18.6,0.6,1.1,NA
"2017350","4000   ","2016JJ00",259.7,24.7,259.7,18.9,1.5,1.2,NA
"2017350","4000   ","2017JJ00",265.7,25.4,265.7,19.5,0.2,1.3,NA
"2017350","4000   ","2018JJ00",271.7,25.7,271.7,20,0.1,1.4,13.3
"2017350","4000   ","2019JJ00",278.1,27,278.1,20.6,0.9,1.5,11.6
"2017350","4000   ","2020JJ00",285.3,27.7,285.3,21.4,1.8,1.5,8.6
"2017350","4000   ","2021JJ00",289.2,28.8,289.2,21.8,0.3,1.6,9.3
"2017350","4000   ","2022JJ00",289.9,30.4,289.9,22.9,-1.5,1.7,5.3
"2017350","4000   ","2023JJ00",300.9,33.7,300.9,25.5,1.3,2.1,3.7
"2017350","4000   ","2024JJ00",315.2,35.6,315.2,27.2,2.6,2.3,4.9
"2017554","T001038","2011JJ00",2959.7,24.8,2959.7,22.2,NA,8.8,NA
"2017554","T001038","2012JJ00",3025.3,25.4,3025.3,22.3,-1.2,8.5,NA
"2017554","T001038","2013JJ00",3063.8,25.4,3063.8,22.6,-2.8,9.2,NA
"2017554","T001038","2014JJ00",3084.7,26.7,3084.7,23.4,0.8,11,NA
"2017554","T001038","2015JJ00",3121.9,26.2,3121.9,23.4,0.1,13.1,NA
"2017554","T001038","2016JJ00",3152,26.9,3152,24.1,0.8,14.9,NA
"2017554","T001038","2017JJ00",3194.8,28.4,3194.8,26.4,-0.2,19,NA
"2017554","T001038","2018JJ00",3190.3,27.6,3190.3,24.8,-0.4,15.5,3.1
"2017554","T001038","2019JJ00",3201.1,29.5,3201.1,25.6,0.7,15.8,2.7
"2017554","T001038","2020JJ00",3253.7,29.6,3253.7,26.2,1.2,16.1,2
"2017554","T001038","2021JJ00",3306.6,30.8,3306.6,27,-0.3,17.8,2.1
"2017554","T001038","2022JJ00",3300.2,32.1,3300.2,27.8,-3,14.6,1.4
"2017554","T001038","2023JJ00",3315.6,36.5,3315.6,30,-0.4,14.6,1.1
"2017554","T001038","2024JJ00",3343,38.3,3343,31.8,1.8,15.8,1.4
"2017554","3000   ","2011JJ00",1330,25.7,1330,28.9,NA,12.1,NA
"2017554","3000   ","2012JJ00",1360.9,26.3,1360.9,29,-1.2,11.7,NA
"2017554","3000   ","2013JJ00",1384.2,26.3,1384.2,29.3,-3.1,12.6,NA
"2017554","3000   ","2014JJ00",1400.1,27.8,1400.1,30.4,0.7,15.1,NA
"2017554","3000   ","2015JJ00",1414.2,27.2,1414.2,30.1,0,18,NA
"2017554","3000   ","2016JJ00",1428.9,27.9,1428.9,30.9,0.8,21.3,NA
"2017554","3000   ","2017JJ00",1455.5,30.1,1455.5,35,-0.3,28.2,NA
"2017554","3000   ","2018JJ00",1450.5,28.6,1450.5,31.6,-0.4,21.8,2.9
"2017554","3000   ","2019JJ00",1457.7,30.6,1457.7,32.3,0.7,22.4,2.5
"2017554","3000   ","2020JJ00",1487.4,30.7,1487.4,32.9,1.1,23.3,1.8
"2017554","3000   ","2021JJ00",1514.5,32,1514.5,33.9,-0.3,26.1,2
"2017554","3000   ","2022JJ00",1511.6,33.2,1511.6,34.5,-3.1,21,1.3
"2017554","3000   ","2023JJ00",1522.2,37.8,1522.2,37,-0.4,20.5,1
"2017554","3000   ","2024JJ00",1537.9,39.7,1537.9,39.1,1.9,22.1,1.3
"2017554","4000   ","2011JJ00",1629.7,24,1629.7,16.7,NA,5.8,NA
"2017554","4000   ","2012JJ00",1664.3,24.6,1664.3,16.8,-1.2,5.8,NA
"2017554","4000   ","2013JJ00",1679.6,24.6,1679.6,17,-2.7,6.4,NA
"2017554","4000   ","2014JJ00",1684.6,25.8,1684.6,17.6,0.9,7.8,NA
"2017554","4000   ","2015JJ00",1707.7,25.4,1707.7,17.8,0.2,9.5,NA
"2017554","4000   ","2016JJ00",1723.1,26,1723.1,18.4,0.9,10.4,NA
"2017554","4000   ","2017JJ00",1739.3,27,1739.3,19.2,-0.1,12.1,NA
"2017554","4000   ","2018JJ00",1739.8,26.7,1739.8,19.2,-0.3,11.2,3.3
"2017554","4000   ","2019JJ00",1743.4,28.6,1743.4,19.9,0.7,11.3,2.9
"2017554","4000   ","2020JJ00",1766.3,28.7,1766.3,20.6,1.2,11.2,2.1
"2017554","4000   ","2021JJ00",1792.1,29.8,1792.1,21.2,-0.3,12,2.2
"2017554","4000   ","2022JJ00",1788.6,31.3,1788.6,22.1,-2.9,10.4,1.4
"2017554","4000   ","2023JJ00",1793.4,35.5,1793.4,24,-0.4,10.5,1.1
"2017554","4000   ","2024JJ00",1805.1,37.1,1805.1,25.6,1.8,11.2,1.4
"2017570","T001038","2011JJ00",4222.4,24.8,1298.9,4.3,NA,NA,NA
"2017570","T001038","2012JJ00",4233,24.9,1306.3,4.4,-0.9,NA,NA
"2017570","T001038","2013JJ00",4236,25.2,1316.1,4.4,0,NA,NA
"2017570","T001038","2014JJ00",4235.2,26.7,1336.7,4.5,2.7,NA,NA
"2017570","T001038","2015JJ00",4220.2,26.5,1350.8,4.6,2.7,NA,NA
"2017570","T001038","2016JJ00",4195,27.9,1350.6,4.5,4.9,NA,NA
"2017570","T001038","2017JJ00",4177.9,29.1,1365.5,4.5,1.9,NA,NA
"2017570","T001038","2018JJ00",4154.1,29.8,1375.5,4.5,2.1,NA,8.3
"2017570","T001038","2019JJ00",4129.9,32.3,1381.9,4.6,2.8,NA,7.3
"2017570","T001038","2020JJ00",4106.7,32.8,1332.5,4.8,4.4,NA,6.1
"2017570","T001038","2021JJ00",4075.5,34.4,1361.1,4.9,2.9,NA,5.5
"2017570","T001038","2022JJ00",4054.6,36.5,1414.8,5.2,0.4,NA,4.1
"2017570","T001038","2023JJ00",4039.9,41.3,1419.2,5.8,2,NA,2.9
"2017570","T001038","2024JJ00",3993.8,43,1384,6.7,5.6,NA,3
"2017570","3000   ","2011JJ00",2131.9,25,632.1,4.2,NA,NA,NA
"2017570","3000   ","2012JJ00",2139.2,25.1,636.4,4.3,-0.9,NA,NA
"2017570","3000   ","2013JJ00",2143.4,25.3,643.2,4.3,0,NA,NA
"2017570","3000   ","2014JJ00",2145.4,26.8,655.6,4.3,2.7,NA,NA
"2017570","3000   ","2015JJ00",2137.4,26.7,662.9,4.4,2.7,NA,NA
"2017570","3000   ","2016JJ00",2125.3,28.1,663,4.4,4.9,NA,NA
"2017570","3000   ","2017JJ00",2116,29.3,669.9,4.4,1.9,NA,NA
"2017570","3000   ","2018JJ00",2102.4,29.9,674.4,4.4,2.1,NA,8.3
"2017570","3000   ","2019JJ00",2087.4,32.4,674.7,4.5,2.8,NA,7.2
"2017570","3000   ","2020JJ00",2074.4,33,645.8,4.7,4.4,NA,6.1
"2017570","3000   ","2021JJ00",2056.6,34.6,656.3,4.8,2.9,NA,5.5
"2017570","3000   ","2022JJ00",2040.4,36.8,682.4,5.1,0.4,NA,4.1
"2017570","3000   ","2023JJ00",2029.9,41.6,684.4,5.6,2,NA,2.9
"2017570","3000   ","2024JJ00",2005.7,43.3,667.5,6.4,5.6,NA,2.9
"2017570","4000   ","2011JJ00",2090.5,24.7,666.8,4.5,NA,NA,NA
"2017570","4000   ","2012JJ00",2093.8,24.7,669.9,4.6,-0.8,NA,NA
"2017570","4000   ","2013JJ00",2092.7,25,672.9,4.6,0,NA,NA
"2017570","4000   ","2014JJ00",2089.8,26.5,681.1,4.7,2.7,NA,NA
"2017570","4000   ","2015JJ00",2082.8,26.3,687.8,4.7,2.7,NA,NA
"2017570","4000   ","2016JJ00",2069.7,27.8,687.6,4.6,4.9,NA,NA
"2017570","4000   ","2017JJ00",2061.9,28.9,695.6,4.6,2,NA,NA
"2017570","4000   ","2018JJ00",2051.7,29.6,701.1,4.6,2.1,NA,8.4
"2017570","4000   ","2019JJ00",2042.4,32.1,707.1,4.7,2.9,NA,7.3
"2017570","4000   ","2020JJ00",2032.3,32.7,686.7,4.9,4.4,NA,6.1
"2017570","4000   ","2021JJ00",2018.9,34.2,704.8,5,3,NA,5.5
"2017570","4000   ","2022JJ00",2014.2,36.3,732.4,5.4,0.4,NA,4.1
"2017570","4000   ","2023JJ00",2010.1,41,734.8,6,2,NA,2.9
"2017570","4000   ","2024JJ00",1988.1,42.7,716.5,6.9,5.6,NA,3
"2017550","T001038","2011JJ00",578.9,25.2,NA,NA,NA,0,NA
"2017550","T001038","2012JJ00",559.6,25,NA,NA,-1.8,0,NA
"2017550","T001038","2013JJ00",558.1,24.9,NA,NA,-1.4,0,NA
"2017550","T001038","2014JJ00",550.2,27,NA,NA,1.4,0,NA
"2017550","T001038","2015JJ00",543.2,25.9,NA,NA,1,0,NA
"2017550","T001038","2016JJ00",525.4,27.1,NA,NA,2.4,0,NA
"2017550","T001038","2017JJ00",498.1,28.3,NA,NA,0.2,0,NA
"2017550","T001038","2018JJ00",475.9,28.3,NA,NA,0.2,0,13.5
"2017550","T001038","2019JJ00",459.6,31.9,NA,NA,1.6,0,12.7
"2017550","T001038","2020JJ00",438.6,31,NA,NA,2.5,0,10.9
"2017550","T001038","2021JJ00",423.7,32.2,NA,NA,1,0,11
"2017550","T001038","2022JJ00",384.7,34.4,NA,NA,-1.6,0,9.5
"2017550","T001038","2023JJ00",406.6,42,NA,NA,-0.1,0,10.8
"2017550","T001038","2024JJ00",416.9,41.4,NA,NA,2.6,0,12.5
"2017550","3000   ","2011JJ00",66.7,18.7,NA,NA,NA,0,NA
"2017550","3000   ","2012JJ00",70.2,18.5,NA,NA,-1.6,0,NA
"2017550","3000   ","2013JJ00",76,18.8,NA,NA,-1.3,0,NA
"2017550","3000   ","2014JJ00",77.6,20.3,NA,NA,1.7,0,NA
"2017550","3000   ","2015JJ00",79.6,19.6,NA,NA,0.8,0,NA
"2017550","3000   ","2016JJ00",79.3,21,NA,NA,2.2,0,NA
"2017550","3000   ","2017JJ00",76.4,21.5,NA,NA,0.1,0,NA
"2017550","3000   ","2018JJ00",77.7,22.1,NA,NA,0.2,0,28
"2017550","3000   ","2019JJ00",79.7,24.9,NA,NA,1.3,0,26.6
"2017550","3000   ","2020JJ00",79.8,23.9,NA,NA,2.4,0,23.6
"2017550","3000   ","2021JJ00",83.7,25.2,NA,NA,0.8,0,23.3
"2017550","3000   ","2022JJ00",72.2,27.7,NA,NA,-0.5,0,20.7
"2017550","3000   ","2023JJ00",89.9,32.4,NA,NA,0.4,0,22.2
"2017550","3000   ","2024JJ00",101.6,32.3,NA,NA,1.9,0,23.4
"2017550","4000   ","2011JJ00",512.2,26,NA,NA,NA,0,NA
"2017550","4000   ","2012JJ00",489.4,25.9,NA,NA,-1.8,0,NA
"2017550","4000   ","2013JJ00",482.1,25.9,NA,NA,-1.4,0,NA
"2017550","4000   ","2014JJ00",472.6,28.1,NA,NA,1.3,0,NA
"2017550","4000   ","2015JJ00",463.6,26.9,NA,NA,1,0,NA
"2017550","4000   ","2016JJ00",446,28.2,NA,NA,2.4,0,NA
"2017550","4000   ","2017JJ00",421.7,29.6,NA,NA,0.2,0,NA
"2017550","4000   ","2018JJ00",398.2,29.5,NA,NA,0.2,0,10.7
"2017550","4000   ","2019JJ00",379.9,33.3,NA,NA,1.7,0,9.7
"2017550","4000   ","2020JJ00",358.7,32.5,NA,NA,2.5,0,8
"2017550","4000   ","2021JJ00",339.9,33.9,NA,NA,1,0,8
"2017550","4000   ","2022JJ00",312.5,36,NA,NA,-1.8,0,6.9
"2017550","4000   ","2023JJ00",316.7,44.8,NA,NA,-0.2,0,7.6
"2017550","4000   ","2024JJ00",315.3,44.4,NA,NA,2.7,0,9
